1679866406.658,15.684561157703422,118337536,27663.366336633662,472.6987550240172,face-detection-3-deployment-878659979-bm6br
1679866407.208,15.684561157703422,118337536,27663.366336633662,472.6987550240172,face-detection-3-deployment-878659979-bm6br
1679866407.749,15.684561157703422,118337536,27663.366336633662,472.6987550240172,face-detection-3-deployment-878659979-bm6br
1679866408.288,15.684561157703422,118337536,27663.366336633662,472.6987550240172,face-detection-3-deployment-878659979-bm6br
1679866408.83,15.684561157703422,118337536,27663.366336633662,472.6987550240172,face-detection-3-deployment-878659979-bm6br
1679866409.371,15.684561157703422,118337536,27663.366336633662,472.6987550240172,face-detection-3-deployment-878659979-bm6br
1679866409.911,15.684561157703422,118337536,27663.366336633662,472.6987550240172,face-detection-3-deployment-878659979-bm6br
1679866410.452,15.684561157703422,118337536,27663.366336633662,472.6987550240172,face-detection-3-deployment-878659979-bm6br
1679866410.991,15.684561157703422,118337536,27663.366336633662,472.6987550240172,face-detection-3-deployment-878659979-bm6br
1679866411.536,15.684561157703422,118337536,27663.366336633662,472.6987550240172,face-detection-3-deployment-878659979-bm6br
1679866412.091,15.684561157703422,118337536,27663.366336633662,472.6987550240172,face-detection-3-deployment-878659979-bm6br
1679866412.639,15.684561157703422,118337536,27663.366336633662,472.6987550240172,face-detection-3-deployment-878659979-bm6br
1679866413.181,15.684561157703422,118337536,27663.366336633662,472.6987550240172,face-detection-3-deployment-878659979-bm6br
1679866413.722,15.684561157703422,118337536,27663.366336633662,472.6987550240172,face-detection-3-deployment-878659979-bm6br
1679866414.264,15.684561157703422,118337536,27663.366336633662,472.6987550240172,face-detection-3-deployment-878659979-bm6br
1679866414.804,15.684561157703422,118337536,27663.366336633662,472.6987550240172,face-detection-3-deployment-878659979-bm6br
1679866415.346,15.684561157703422,118337536,27663.366336633662,472.6987550240172,face-detection-3-deployment-878659979-bm6br
1679866415.89,16.404625237733942,118071296,39852.57938399924,415.7528368456184,face-detection-3-deployment-878659979-bm6br
1679866416.436,16.404625237733942,118071296,39852.57938399924,415.7528368456184,face-detection-3-deployment-878659979-bm6br
1679866416.975,16.404625237733942,118071296,39852.57938399924,415.7528368456184,face-detection-3-deployment-878659979-bm6br
1679866417.515,16.404625237733942,118071296,39852.57938399924,415.7528368456184,face-detection-3-deployment-878659979-bm6br
1679866418.06,16.404625237733942,118071296,39852.57938399924,415.7528368456184,face-detection-3-deployment-878659979-bm6br
1679866418.602,16.404625237733942,118071296,39852.57938399924,415.7528368456184,face-detection-3-deployment-878659979-bm6br
1679866419.144,16.404625237733942,118071296,39852.57938399924,415.7528368456184,face-detection-3-deployment-878659979-bm6br
1679866419.686,16.404625237733942,118071296,39852.57938399924,415.7528368456184,face-detection-3-deployment-878659979-bm6br
1679866420.237,16.404625237733942,118071296,39852.57938399924,415.7528368456184,face-detection-3-deployment-878659979-bm6br
1679866420.781,16.404625237733942,118071296,39852.57938399924,415.7528368456184,face-detection-3-deployment-878659979-bm6br
1679866421.322,16.404625237733942,118071296,39852.57938399924,415.7528368456184,face-detection-3-deployment-878659979-bm6br
1679866421.864,16.404625237733942,118071296,39852.57938399924,415.7528368456184,face-detection-3-deployment-878659979-bm6br
1679866422.404,16.404625237733942,118071296,39852.57938399924,415.7528368456184,face-detection-3-deployment-878659979-bm6br
1679866422.948,16.404625237733942,118071296,39852.57938399924,415.7528368456184,face-detection-3-deployment-878659979-bm6br
1679866423.487,16.404625237733942,118071296,39852.57938399924,415.7528368456184,face-detection-3-deployment-878659979-bm6br
1679866424.026,16.404625237733942,118071296,39852.57938399924,415.7528368456184,face-detection-3-deployment-878659979-bm6br
1679866424.585,16.404625237733942,118071296,39852.57938399924,415.7528368456184,face-detection-3-deployment-878659979-bm6br
1679866425.129,16.404625237733942,118071296,39852.57938399924,415.7528368456184,face-detection-3-deployment-878659979-bm6br
1679866425.672,16.404625237733942,118071296,39852.57938399924,415.7528368456184,face-detection-3-deployment-878659979-bm6br
1679866426.214,16.229595217514404,118362112,30400.564322290727,376.8418852544675,face-detection-3-deployment-878659979-bm6br
1679866426.756,16.229595217514404,118362112,30400.564322290727,376.8418852544675,face-detection-3-deployment-878659979-bm6br
1679866427.295,16.229595217514404,118362112,30400.564322290727,376.8418852544675,face-detection-3-deployment-878659979-bm6br
1679866427.834,16.229595217514404,118362112,30400.564322290727,376.8418852544675,face-detection-3-deployment-878659979-bm6br
1679866428.375,16.229595217514404,118362112,30400.564322290727,376.8418852544675,face-detection-3-deployment-878659979-bm6br
1679866428.916,16.229595217514404,118362112,30400.564322290727,376.8418852544675,face-detection-3-deployment-878659979-bm6br
1679866429.457,16.229595217514404,118362112,30400.564322290727,376.8418852544675,face-detection-3-deployment-878659979-bm6br
1679866430.01,16.229595217514404,118362112,30400.564322290727,376.8418852544675,face-detection-3-deployment-878659979-bm6br
1679866430.559,16.229595217514404,118362112,30400.564322290727,376.8418852544675,face-detection-3-deployment-878659979-bm6br
1679866431.102,16.229595217514404,118362112,30400.564322290727,376.8418852544675,face-detection-3-deployment-878659979-bm6br
1679866431.649,16.229595217514404,118362112,30400.564322290727,376.8418852544675,face-detection-3-deployment-878659979-bm6br
1679866432.193,16.229595217514404,118362112,30400.564322290727,376.8418852544675,face-detection-3-deployment-878659979-bm6br
1679866432.736,16.229595217514404,118362112,30400.564322290727,376.8418852544675,face-detection-3-deployment-878659979-bm6br
1679866433.276,16.229595217514404,118362112,30400.564322290727,376.8418852544675,face-detection-3-deployment-878659979-bm6br
1679866433.817,16.229595217514404,118362112,30400.564322290727,376.8418852544675,face-detection-3-deployment-878659979-bm6br
1679866434.358,16.229595217514404,118362112,30400.564322290727,376.8418852544675,face-detection-3-deployment-878659979-bm6br
1679866434.901,16.229595217514404,118362112,30400.564322290727,376.8418852544675,face-detection-3-deployment-878659979-bm6br
1679866435.442,16.229595217514404,118362112,30400.564322290727,376.8418852544675,face-detection-3-deployment-878659979-bm6br
1679866435.986,16.229595217514404,118362112,30400.564322290727,376.8418852544675,face-detection-3-deployment-878659979-bm6br
1679866436.527,16.560504275271054,118296576,32886.46379853096,392.2350472193075,face-detection-3-deployment-878659979-bm6br
1679866437.067,16.560504275271054,118296576,32886.46379853096,392.2350472193075,face-detection-3-deployment-878659979-bm6br
1679866437.606,16.560504275271054,118296576,32886.46379853096,392.2350472193075,face-detection-3-deployment-878659979-bm6br
1679866438.146,16.560504275271054,118296576,32886.46379853096,392.2350472193075,face-detection-3-deployment-878659979-bm6br
1679866438.686,16.560504275271054,118296576,32886.46379853096,392.2350472193075,face-detection-3-deployment-878659979-bm6br
1679866439.225,16.560504275271054,118296576,32886.46379853096,392.2350472193075,face-detection-3-deployment-878659979-bm6br
1679866439.765,16.560504275271054,118296576,32886.46379853096,392.2350472193075,face-detection-3-deployment-878659979-bm6br
1679866440.304,16.560504275271054,118296576,32886.46379853096,392.2350472193075,face-detection-3-deployment-878659979-bm6br
1679866440.843,16.560504275271054,118296576,32886.46379853096,392.2350472193075,face-detection-3-deployment-878659979-bm6br
1679866441.389,16.560504275271054,118296576,32886.46379853096,392.2350472193075,face-detection-3-deployment-878659979-bm6br
1679866441.93,16.560504275271054,118296576,32886.46379853096,392.2350472193075,face-detection-3-deployment-878659979-bm6br
1679866442.47,16.560504275271054,118296576,32886.46379853096,392.2350472193075,face-detection-3-deployment-878659979-bm6br
1679866443.01,16.560504275271054,118296576,32886.46379853096,392.2350472193075,face-detection-3-deployment-878659979-bm6br
1679866443.549,16.560504275271054,118296576,32886.46379853096,392.2350472193075,face-detection-3-deployment-878659979-bm6br
1679866444.088,16.560504275271054,118296576,32886.46379853096,392.2350472193075,face-detection-3-deployment-878659979-bm6br
1679866444.627,16.560504275271054,118296576,32886.46379853096,392.2350472193075,face-detection-3-deployment-878659979-bm6br
1679866445.167,16.560504275271054,118296576,32886.46379853096,392.2350472193075,face-detection-3-deployment-878659979-bm6br
1679866445.708,16.560504275271054,118296576,32886.46379853096,392.2350472193075,face-detection-3-deployment-878659979-bm6br
1679866446.254,16.505492575936525,118329344,35206.833317247365,433.1628221214168,face-detection-3-deployment-878659979-bm6br
1679866446.805,16.505492575936525,118329344,35206.833317247365,433.1628221214168,face-detection-3-deployment-878659979-bm6br
1679866447.354,16.505492575936525,118329344,35206.833317247365,433.1628221214168,face-detection-3-deployment-878659979-bm6br
1679866447.901,16.505492575936525,118329344,35206.833317247365,433.1628221214168,face-detection-3-deployment-878659979-bm6br
1679866448.45,16.505492575936525,118329344,35206.833317247365,433.1628221214168,face-detection-3-deployment-878659979-bm6br
1679866448.99,16.505492575936525,118329344,35206.833317247365,433.1628221214168,face-detection-3-deployment-878659979-bm6br
1679866449.53,16.505492575936525,118329344,35206.833317247365,433.1628221214168,face-detection-3-deployment-878659979-bm6br
1679866450.07,16.505492575936525,118329344,35206.833317247365,433.1628221214168,face-detection-3-deployment-878659979-bm6br
1679866450.609,16.505492575936525,118329344,35206.833317247365,433.1628221214168,face-detection-3-deployment-878659979-bm6br
1679866451.149,16.505492575936525,118329344,35206.833317247365,433.1628221214168,face-detection-3-deployment-878659979-bm6br
1679866451.688,16.505492575936525,118329344,35206.833317247365,433.1628221214168,face-detection-3-deployment-878659979-bm6br
1679866452.229,16.505492575936525,118329344,35206.833317247365,433.1628221214168,face-detection-3-deployment-878659979-bm6br
1679866452.769,16.505492575936525,118329344,35206.833317247365,433.1628221214168,face-detection-3-deployment-878659979-bm6br
1679866453.309,16.505492575936525,118329344,35206.833317247365,433.1628221214168,face-detection-3-deployment-878659979-bm6br
1679866453.852,16.505492575936525,118329344,35206.833317247365,433.1628221214168,face-detection-3-deployment-878659979-bm6br
1679866454.391,16.505492575936525,118329344,35206.833317247365,433.1628221214168,face-detection-3-deployment-878659979-bm6br
1679866454.931,16.505492575936525,118329344,35206.833317247365,433.1628221214168,face-detection-3-deployment-878659979-bm6br
1679866455.471,16.505492575936525,118329344,35206.833317247365,433.1628221214168,face-detection-3-deployment-878659979-bm6br
1679866456.011,16.505492575936525,118329344,35206.833317247365,433.1628221214168,face-detection-3-deployment-878659979-bm6br
1679866456.551,16.33531062107085,118542336,31320.585048754063,422.31852654387865,face-detection-3-deployment-878659979-bm6br
1679866457.091,16.33531062107085,118542336,31320.585048754063,422.31852654387865,face-detection-3-deployment-878659979-bm6br
1679866457.631,16.33531062107085,118542336,31320.585048754063,422.31852654387865,face-detection-3-deployment-878659979-bm6br
1679866458.175,16.33531062107085,118542336,31320.585048754063,422.31852654387865,face-detection-3-deployment-878659979-bm6br
1679866458.715,16.33531062107085,118542336,31320.585048754063,422.31852654387865,face-detection-3-deployment-878659979-bm6br
1679866459.269,16.33531062107085,118542336,31320.585048754063,422.31852654387865,face-detection-3-deployment-878659979-bm6br
1679866459.81,16.33531062107085,118542336,31320.585048754063,422.31852654387865,face-detection-3-deployment-878659979-bm6br
1679866460.352,16.33531062107085,118542336,31320.585048754063,422.31852654387865,face-detection-3-deployment-878659979-bm6br
1679866460.893,16.33531062107085,118542336,31320.585048754063,422.31852654387865,face-detection-3-deployment-878659979-bm6br
1679866461.433,16.33531062107085,118542336,31320.585048754063,422.31852654387865,face-detection-3-deployment-878659979-bm6br
1679866461.978,16.33531062107085,118542336,31320.585048754063,422.31852654387865,face-detection-3-deployment-878659979-bm6br
1679866462.533,16.33531062107085,118542336,31320.585048754063,422.31852654387865,face-detection-3-deployment-878659979-bm6br
1679866463.082,16.33531062107085,118542336,31320.585048754063,422.31852654387865,face-detection-3-deployment-878659979-bm6br
1679866463.628,16.33531062107085,118542336,31320.585048754063,422.31852654387865,face-detection-3-deployment-878659979-bm6br
1679866464.171,16.33531062107085,118542336,31320.585048754063,422.31852654387865,face-detection-3-deployment-878659979-bm6br
1679866464.715,16.33531062107085,118542336,31320.585048754063,422.31852654387865,face-detection-3-deployment-878659979-bm6br
1679866465.253,16.33531062107085,118542336,31320.585048754063,422.31852654387865,face-detection-3-deployment-878659979-bm6br
1679866465.797,16.33531062107085,118542336,31320.585048754063,422.31852654387865,face-detection-3-deployment-878659979-bm6br
1679866466.341,16.454849763280183,118398976,33840.938463067905,397.85266925141667,face-detection-3-deployment-878659979-bm6br
1679866466.883,16.454849763280183,118398976,33840.938463067905,397.85266925141667,face-detection-3-deployment-878659979-bm6br
1679866467.424,16.454849763280183,118398976,33840.938463067905,397.85266925141667,face-detection-3-deployment-878659979-bm6br
1679866467.964,16.454849763280183,118398976,33840.938463067905,397.85266925141667,face-detection-3-deployment-878659979-bm6br
1679866468.505,16.454849763280183,118398976,33840.938463067905,397.85266925141667,face-detection-3-deployment-878659979-bm6br
1679866469.047,16.454849763280183,118398976,33840.938463067905,397.85266925141667,face-detection-3-deployment-878659979-bm6br
1679866469.586,16.454849763280183,118398976,33840.938463067905,397.85266925141667,face-detection-3-deployment-878659979-bm6br
1679866470.126,16.454849763280183,118398976,33840.938463067905,397.85266925141667,face-detection-3-deployment-878659979-bm6br
1679866470.668,16.454849763280183,118398976,33840.938463067905,397.85266925141667,face-detection-3-deployment-878659979-bm6br
1679866471.207,16.454849763280183,118398976,33840.938463067905,397.85266925141667,face-detection-3-deployment-878659979-bm6br
1679866471.748,16.454849763280183,118398976,33840.938463067905,397.85266925141667,face-detection-3-deployment-878659979-bm6br
1679866472.291,16.454849763280183,118398976,33840.938463067905,397.85266925141667,face-detection-3-deployment-878659979-bm6br
1679866472.831,16.454849763280183,118398976,33840.938463067905,397.85266925141667,face-detection-3-deployment-878659979-bm6br
1679866473.371,16.454849763280183,118398976,33840.938463067905,397.85266925141667,face-detection-3-deployment-878659979-bm6br
1679866473.912,16.454849763280183,118398976,33840.938463067905,397.85266925141667,face-detection-3-deployment-878659979-bm6br
1679866474.455,16.454849763280183,118398976,33840.938463067905,397.85266925141667,face-detection-3-deployment-878659979-bm6br
1679866474.994,16.454849763280183,118398976,33840.938463067905,397.85266925141667,face-detection-3-deployment-878659979-bm6br
1679866475.533,16.454849763280183,118398976,33840.938463067905,397.85266925141667,face-detection-3-deployment-878659979-bm6br
1679866476.084,16.454849763280183,118398976,33840.938463067905,397.85266925141667,face-detection-3-deployment-878659979-bm6br
1679866476.627,16.464486086924797,118247424,33943.64699627858,425.8373205741627,face-detection-3-deployment-878659979-bm6br
1679866477.168,16.464486086924797,118247424,33943.64699627858,425.8373205741627,face-detection-3-deployment-878659979-bm6br
1679866477.706,16.464486086924797,118247424,33943.64699627858,425.8373205741627,face-detection-3-deployment-878659979-bm6br
1679866478.264,16.464486086924797,118247424,33943.64699627858,425.8373205741627,face-detection-3-deployment-878659979-bm6br
1679866478.814,16.464486086924797,118247424,33943.64699627858,425.8373205741627,face-detection-3-deployment-878659979-bm6br
1679866479.356,16.464486086924797,118247424,33943.64699627858,425.8373205741627,face-detection-3-deployment-878659979-bm6br
1679866479.894,16.464486086924797,118247424,33943.64699627858,425.8373205741627,face-detection-3-deployment-878659979-bm6br
1679866480.436,16.464486086924797,118247424,33943.64699627858,425.8373205741627,face-detection-3-deployment-878659979-bm6br
1679866480.979,16.464486086924797,118247424,33943.64699627858,425.8373205741627,face-detection-3-deployment-878659979-bm6br
1679866481.519,16.464486086924797,118247424,33943.64699627858,425.8373205741627,face-detection-3-deployment-878659979-bm6br
1679866482.058,16.464486086924797,118247424,33943.64699627858,425.8373205741627,face-detection-3-deployment-878659979-bm6br
1679866482.605,16.464486086924797,118247424,33943.64699627858,425.8373205741627,face-detection-3-deployment-878659979-bm6br
1679866483.147,16.464486086924797,118247424,33943.64699627858,425.8373205741627,face-detection-3-deployment-878659979-bm6br
1679866483.688,16.464486086924797,118247424,33943.64699627858,425.8373205741627,face-detection-3-deployment-878659979-bm6br
1679866484.228,16.464486086924797,118247424,33943.64699627858,425.8373205741627,face-detection-3-deployment-878659979-bm6br
1679866484.768,16.464486086924797,118247424,33943.64699627858,425.8373205741627,face-detection-3-deployment-878659979-bm6br
1679866485.308,16.464486086924797,118247424,33943.64699627858,425.8373205741627,face-detection-3-deployment-878659979-bm6br
1679866485.848,16.464486086924797,118247424,33943.64699627858,425.8373205741627,face-detection-3-deployment-878659979-bm6br
1679866486.387,16.37011786521346,118353920,27898.27295703454,361.41533277169333,face-detection-3-deployment-878659979-bm6br
1679866486.927,16.37011786521346,118353920,27898.27295703454,361.41533277169333,face-detection-3-deployment-878659979-bm6br
1679866487.466,16.37011786521346,118353920,27898.27295703454,361.41533277169333,face-detection-3-deployment-878659979-bm6br
1679866488.004,16.37011786521346,118353920,27898.27295703454,361.41533277169333,face-detection-3-deployment-878659979-bm6br
1679866488.543,16.37011786521346,118353920,27898.27295703454,361.41533277169333,face-detection-3-deployment-878659979-bm6br
1679866489.084,16.37011786521346,118353920,27898.27295703454,361.41533277169333,face-detection-3-deployment-878659979-bm6br
1679866489.626,16.37011786521346,118353920,27898.27295703454,361.41533277169333,face-detection-3-deployment-878659979-bm6br
1679866490.166,16.37011786521346,118353920,27898.27295703454,361.41533277169333,face-detection-3-deployment-878659979-bm6br
1679866490.706,16.37011786521346,118353920,27898.27295703454,361.41533277169333,face-detection-3-deployment-878659979-bm6br
1679866491.249,16.37011786521346,118353920,27898.27295703454,361.41533277169333,face-detection-3-deployment-878659979-bm6br
1679866491.792,16.37011786521346,118353920,27898.27295703454,361.41533277169333,face-detection-3-deployment-878659979-bm6br
1679866492.331,16.37011786521346,118353920,27898.27295703454,361.41533277169333,face-detection-3-deployment-878659979-bm6br
1679866492.87,16.37011786521346,118353920,27898.27295703454,361.41533277169333,face-detection-3-deployment-878659979-bm6br
1679866493.437,16.37011786521346,118353920,27898.27295703454,361.41533277169333,face-detection-3-deployment-878659979-bm6br
1679866493.985,16.37011786521346,118353920,27898.27295703454,361.41533277169333,face-detection-3-deployment-878659979-bm6br
1679866494.53,16.37011786521346,118353920,27898.27295703454,361.41533277169333,face-detection-3-deployment-878659979-bm6br
1679866495.075,16.37011786521346,118353920,27898.27295703454,361.41533277169333,face-detection-3-deployment-878659979-bm6br
1679866495.616,16.37011786521346,118353920,27898.27295703454,361.41533277169333,face-detection-3-deployment-878659979-bm6br
1679866496.161,16.424837060634196,118321152,29406.941343616807,354.98274812258984,face-detection-3-deployment-878659979-bm6br
1679866496.704,16.424837060634196,118321152,29406.941343616807,354.98274812258984,face-detection-3-deployment-878659979-bm6br
1679866497.246,16.424837060634196,118321152,29406.941343616807,354.98274812258984,face-detection-3-deployment-878659979-bm6br
1679866497.788,16.424837060634196,118321152,29406.941343616807,354.98274812258984,face-detection-3-deployment-878659979-bm6br
1679866498.335,16.424837060634196,118321152,29406.941343616807,354.98274812258984,face-detection-3-deployment-878659979-bm6br
1679866498.878,16.424837060634196,118321152,29406.941343616807,354.98274812258984,face-detection-3-deployment-878659979-bm6br
1679866499.419,16.424837060634196,118321152,29406.941343616807,354.98274812258984,face-detection-3-deployment-878659979-bm6br
1679866499.961,16.424837060634196,118321152,29406.941343616807,354.98274812258984,face-detection-3-deployment-878659979-bm6br
1679866500.502,16.424837060634196,118321152,29406.941343616807,354.98274812258984,face-detection-3-deployment-878659979-bm6br
1679866501.046,16.424837060634196,118321152,29406.941343616807,354.98274812258984,face-detection-3-deployment-878659979-bm6br
1679866501.592,16.424837060634196,118321152,29406.941343616807,354.98274812258984,face-detection-3-deployment-878659979-bm6br
1679866502.134,16.424837060634196,118321152,29406.941343616807,354.98274812258984,face-detection-3-deployment-878659979-bm6br
1679866502.674,16.424837060634196,118321152,29406.941343616807,354.98274812258984,face-detection-3-deployment-878659979-bm6br
1679866503.215,16.424837060634196,118321152,29406.941343616807,354.98274812258984,face-detection-3-deployment-878659979-bm6br
1679866503.756,16.424837060634196,118321152,29406.941343616807,354.98274812258984,face-detection-3-deployment-878659979-bm6br
1679866504.296,16.424837060634196,118321152,29406.941343616807,354.98274812258984,face-detection-3-deployment-878659979-bm6br
1679866504.839,16.424837060634196,118321152,29406.941343616807,354.98274812258984,face-detection-3-deployment-878659979-bm6br
1679866505.382,16.424837060634196,118321152,29406.941343616807,354.98274812258984,face-detection-3-deployment-878659979-bm6br
1679866505.92,16.3526393159297,118284288,40613.536093119306,474.7958321599549,face-detection-3-deployment-878659979-bm6br
1679866506.459,16.3526393159297,118284288,40613.536093119306,474.7958321599549,face-detection-3-deployment-878659979-bm6br
1679866506.998,16.3526393159297,118284288,40613.536093119306,474.7958321599549,face-detection-3-deployment-878659979-bm6br
1679866507.538,16.3526393159297,118284288,40613.536093119306,474.7958321599549,face-detection-3-deployment-878659979-bm6br
1679866508.078,16.3526393159297,118284288,40613.536093119306,474.7958321599549,face-detection-3-deployment-878659979-bm6br
1679866508.618,16.3526393159297,118284288,40613.536093119306,474.7958321599549,face-detection-3-deployment-878659979-bm6br
1679866509.173,16.3526393159297,118284288,40613.536093119306,474.7958321599549,face-detection-3-deployment-878659979-bm6br
1679866509.722,16.3526393159297,118284288,40613.536093119306,474.7958321599549,face-detection-3-deployment-878659979-bm6br
1679866510.278,16.3526393159297,118284288,40613.536093119306,474.7958321599549,face-detection-3-deployment-878659979-bm6br
1679866510.819,16.3526393159297,118284288,40613.536093119306,474.7958321599549,face-detection-3-deployment-878659979-bm6br
1679866511.358,16.3526393159297,118284288,40613.536093119306,474.7958321599549,face-detection-3-deployment-878659979-bm6br
1679866511.898,16.3526393159297,118284288,40613.536093119306,474.7958321599549,face-detection-3-deployment-878659979-bm6br
1679866512.437,16.3526393159297,118284288,40613.536093119306,474.7958321599549,face-detection-3-deployment-878659979-bm6br
1679866512.977,16.3526393159297,118284288,40613.536093119306,474.7958321599549,face-detection-3-deployment-878659979-bm6br
1679866513.517,16.3526393159297,118284288,40613.536093119306,474.7958321599549,face-detection-3-deployment-878659979-bm6br
1679866514.057,16.3526393159297,118284288,40613.536093119306,474.7958321599549,face-detection-3-deployment-878659979-bm6br
1679866514.598,16.3526393159297,118284288,40613.536093119306,474.7958321599549,face-detection-3-deployment-878659979-bm6br
1679866515.142,16.3526393159297,118284288,40613.536093119306,474.7958321599549,face-detection-3-deployment-878659979-bm6br
1679866515.682,16.3526393159297,118284288,40613.536093119306,474.7958321599549,face-detection-3-deployment-878659979-bm6br
1679866516.222,16.05784890685493,118439936,27370.57057057057,348.14814814814815,face-detection-3-deployment-878659979-bm6br
1679866516.763,16.05784890685493,118439936,27370.57057057057,348.14814814814815,face-detection-3-deployment-878659979-bm6br
1679866517.302,16.05784890685493,118439936,27370.57057057057,348.14814814814815,face-detection-3-deployment-878659979-bm6br
1679866517.842,16.05784890685493,118439936,27370.57057057057,348.14814814814815,face-detection-3-deployment-878659979-bm6br
1679866518.383,16.05784890685493,118439936,27370.57057057057,348.14814814814815,face-detection-3-deployment-878659979-bm6br
1679866518.927,16.05784890685493,118439936,27370.57057057057,348.14814814814815,face-detection-3-deployment-878659979-bm6br
1679866519.469,16.05784890685493,118439936,27370.57057057057,348.14814814814815,face-detection-3-deployment-878659979-bm6br
1679866520.01,16.05784890685493,118439936,27370.57057057057,348.14814814814815,face-detection-3-deployment-878659979-bm6br
1679866520.549,16.05784890685493,118439936,27370.57057057057,348.14814814814815,face-detection-3-deployment-878659979-bm6br
1679866521.088,16.05784890685493,118439936,27370.57057057057,348.14814814814815,face-detection-3-deployment-878659979-bm6br
1679866521.627,16.05784890685493,118439936,27370.57057057057,348.14814814814815,face-detection-3-deployment-878659979-bm6br
1679866522.166,16.05784890685493,118439936,27370.57057057057,348.14814814814815,face-detection-3-deployment-878659979-bm6br
1679866522.706,16.05784890685493,118439936,27370.57057057057,348.14814814814815,face-detection-3-deployment-878659979-bm6br
1679866523.245,16.05784890685493,118439936,27370.57057057057,348.14814814814815,face-detection-3-deployment-878659979-bm6br
1679866523.788,16.05784890685493,118439936,27370.57057057057,348.14814814814815,face-detection-3-deployment-878659979-bm6br
1679866524.328,16.05784890685493,118439936,27370.57057057057,348.14814814814815,face-detection-3-deployment-878659979-bm6br
1679866524.869,16.05784890685493,118439936,27370.57057057057,348.14814814814815,face-detection-3-deployment-878659979-bm6br
1679866525.418,16.05784890685493,118439936,27370.57057057057,348.14814814814815,face-detection-3-deployment-878659979-bm6br
1679866525.97,16.05784890685493,118439936,27370.57057057057,348.14814814814815,face-detection-3-deployment-878659979-bm6br
1679866526.52,16.195924909615893,118337536,36906.16147308782,436.26062322946177,face-detection-3-deployment-878659979-bm6br
1679866527.065,16.195924909615893,118337536,36906.16147308782,436.26062322946177,face-detection-3-deployment-878659979-bm6br
1679866527.616,16.195924909615893,118337536,36906.16147308782,436.26062322946177,face-detection-3-deployment-878659979-bm6br
1679866528.163,16.195924909615893,118337536,36906.16147308782,436.26062322946177,face-detection-3-deployment-878659979-bm6br
1679866528.702,16.195924909615893,118337536,36906.16147308782,436.26062322946177,face-detection-3-deployment-878659979-bm6br
1679866529.245,16.195924909615893,118337536,36906.16147308782,436.26062322946177,face-detection-3-deployment-878659979-bm6br
1679866529.784,16.195924909615893,118337536,36906.16147308782,436.26062322946177,face-detection-3-deployment-878659979-bm6br
1679866530.323,16.195924909615893,118337536,36906.16147308782,436.26062322946177,face-detection-3-deployment-878659979-bm6br
1679866530.862,16.195924909615893,118337536,36906.16147308782,436.26062322946177,face-detection-3-deployment-878659979-bm6br
1679866531.402,16.195924909615893,118337536,36906.16147308782,436.26062322946177,face-detection-3-deployment-878659979-bm6br
1679866531.94,16.195924909615893,118337536,36906.16147308782,436.26062322946177,face-detection-3-deployment-878659979-bm6br
1679866532.479,16.195924909615893,118337536,36906.16147308782,436.26062322946177,face-detection-3-deployment-878659979-bm6br
1679866533.017,16.195924909615893,118337536,36906.16147308782,436.26062322946177,face-detection-3-deployment-878659979-bm6br
1679866533.556,16.195924909615893,118337536,36906.16147308782,436.26062322946177,face-detection-3-deployment-878659979-bm6br
1679866534.094,16.195924909615893,118337536,36906.16147308782,436.26062322946177,face-detection-3-deployment-878659979-bm6br
1679866534.671,16.195924909615893,118337536,36906.16147308782,436.26062322946177,face-detection-3-deployment-878659979-bm6br
1679866535.214,16.195924909615893,118337536,36906.16147308782,436.26062322946177,face-detection-3-deployment-878659979-bm6br
1679866535.754,16.195924909615893,118337536,36906.16147308782,436.26062322946177,face-detection-3-deployment-878659979-bm6br
1679866536.299,16.2774409237309,118525952,32229.01768912307,378.81068874670683,face-detection-3-deployment-878659979-bm6br
1679866536.844,16.2774409237309,118525952,32229.01768912307,378.81068874670683,face-detection-3-deployment-878659979-bm6br
1679866537.384,16.2774409237309,118525952,32229.01768912307,378.81068874670683,face-detection-3-deployment-878659979-bm6br
1679866537.925,16.2774409237309,118525952,32229.01768912307,378.81068874670683,face-detection-3-deployment-878659979-bm6br
1679866538.467,16.2774409237309,118525952,32229.01768912307,378.81068874670683,face-detection-3-deployment-878659979-bm6br
1679866539.012,16.2774409237309,118525952,32229.01768912307,378.81068874670683,face-detection-3-deployment-878659979-bm6br
1679866539.553,16.2774409237309,118525952,32229.01768912307,378.81068874670683,face-detection-3-deployment-878659979-bm6br
1679866540.093,16.2774409237309,118525952,32229.01768912307,378.81068874670683,face-detection-3-deployment-878659979-bm6br
1679866540.641,16.2774409237309,118525952,32229.01768912307,378.81068874670683,face-detection-3-deployment-878659979-bm6br
1679866541.202,16.2774409237309,118525952,32229.01768912307,378.81068874670683,face-detection-3-deployment-878659979-bm6br
1679866541.745,16.2774409237309,118525952,32229.01768912307,378.81068874670683,face-detection-3-deployment-878659979-bm6br
1679866542.285,16.2774409237309,118525952,32229.01768912307,378.81068874670683,face-detection-3-deployment-878659979-bm6br
1679866542.826,16.2774409237309,118525952,32229.01768912307,378.81068874670683,face-detection-3-deployment-878659979-bm6br
1679866543.367,16.2774409237309,118525952,32229.01768912307,378.81068874670683,face-detection-3-deployment-878659979-bm6br
1679866543.906,16.2774409237309,118525952,32229.01768912307,378.81068874670683,face-detection-3-deployment-878659979-bm6br
1679866544.446,16.2774409237309,118525952,32229.01768912307,378.81068874670683,face-detection-3-deployment-878659979-bm6br
1679866545.004,16.2774409237309,118525952,32229.01768912307,378.81068874670683,face-detection-3-deployment-878659979-bm6br
1679866545.548,16.2774409237309,118525952,32229.01768912307,378.81068874670683,face-detection-3-deployment-878659979-bm6br
1679866546.088,16.085261005376346,118636544,31322.003577817533,397.7340488968396,face-detection-3-deployment-878659979-bm6br
1679866546.63,16.085261005376346,118636544,31322.003577817533,397.7340488968396,face-detection-3-deployment-878659979-bm6br
1679866547.17,16.085261005376346,118636544,31322.003577817533,397.7340488968396,face-detection-3-deployment-878659979-bm6br
1679866547.714,16.085261005376346,118636544,31322.003577817533,397.7340488968396,face-detection-3-deployment-878659979-bm6br
1679866548.254,16.085261005376346,118636544,31322.003577817533,397.7340488968396,face-detection-3-deployment-878659979-bm6br
1679866548.795,16.085261005376346,118636544,31322.003577817533,397.7340488968396,face-detection-3-deployment-878659979-bm6br
1679866549.348,16.085261005376346,118636544,31322.003577817533,397.7340488968396,face-detection-3-deployment-878659979-bm6br
1679866549.891,16.085261005376346,118636544,31322.003577817533,397.7340488968396,face-detection-3-deployment-878659979-bm6br
1679866550.432,16.085261005376346,118636544,31322.003577817533,397.7340488968396,face-detection-3-deployment-878659979-bm6br
1679866550.973,16.085261005376346,118636544,31322.003577817533,397.7340488968396,face-detection-3-deployment-878659979-bm6br
1679866551.514,16.085261005376346,118636544,31322.003577817533,397.7340488968396,face-detection-3-deployment-878659979-bm6br
1679866552.056,16.085261005376346,118636544,31322.003577817533,397.7340488968396,face-detection-3-deployment-878659979-bm6br
1679866552.597,16.085261005376346,118636544,31322.003577817533,397.7340488968396,face-detection-3-deployment-878659979-bm6br
1679866553.138,16.085261005376346,118636544,31322.003577817533,397.7340488968396,face-detection-3-deployment-878659979-bm6br
1679866553.681,16.085261005376346,118636544,31322.003577817533,397.7340488968396,face-detection-3-deployment-878659979-bm6br
1679866554.224,16.085261005376346,118636544,31322.003577817533,397.7340488968396,face-detection-3-deployment-878659979-bm6br
1679866554.764,16.085261005376346,118636544,31322.003577817533,397.7340488968396,face-detection-3-deployment-878659979-bm6br
1679866555.304,16.085261005376346,118636544,31322.003577817533,397.7340488968396,face-detection-3-deployment-878659979-bm6br
1679866555.858,16.085261005376346,118636544,31322.003577817533,397.7340488968396,face-detection-3-deployment-878659979-bm6br
1679866556.408,16.028149852511373,118513664,33952.760333677004,433.78011060080604,face-detection-3-deployment-878659979-bm6br
1679866556.954,16.028149852511373,118513664,33952.760333677004,433.78011060080604,face-detection-3-deployment-878659979-bm6br
1679866557.495,16.028149852511373,118513664,33952.760333677004,433.78011060080604,face-detection-3-deployment-878659979-bm6br
1679866558.039,16.028149852511373,118513664,33952.760333677004,433.78011060080604,face-detection-3-deployment-878659979-bm6br
1679866558.581,16.028149852511373,118513664,33952.760333677004,433.78011060080604,face-detection-3-deployment-878659979-bm6br
1679866559.128,16.028149852511373,118513664,33952.760333677004,433.78011060080604,face-detection-3-deployment-878659979-bm6br
1679866559.669,16.028149852511373,118513664,33952.760333677004,433.78011060080604,face-detection-3-deployment-878659979-bm6br
1679866560.209,16.028149852511373,118513664,33952.760333677004,433.78011060080604,face-detection-3-deployment-878659979-bm6br
1679866560.748,16.028149852511373,118513664,33952.760333677004,433.78011060080604,face-detection-3-deployment-878659979-bm6br
1679866561.288,16.028149852511373,118513664,33952.760333677004,433.78011060080604,face-detection-3-deployment-878659979-bm6br
1679866561.838,16.028149852511373,118513664,33952.760333677004,433.78011060080604,face-detection-3-deployment-878659979-bm6br
1679866562.378,16.028149852511373,118513664,33952.760333677004,433.78011060080604,face-detection-3-deployment-878659979-bm6br
1679866562.921,16.028149852511373,118513664,33952.760333677004,433.78011060080604,face-detection-3-deployment-878659979-bm6br
1679866563.461,16.028149852511373,118513664,33952.760333677004,433.78011060080604,face-detection-3-deployment-878659979-bm6br
1679866564.002,16.028149852511373,118513664,33952.760333677004,433.78011060080604,face-detection-3-deployment-878659979-bm6br
1679866564.542,16.028149852511373,118513664,33952.760333677004,433.78011060080604,face-detection-3-deployment-878659979-bm6br
1679866565.082,16.028149852511373,118513664,33952.760333677004,433.78011060080604,face-detection-3-deployment-878659979-bm6br
1679866565.621,16.028149852511373,118513664,33952.760333677004,433.78011060080604,face-detection-3-deployment-878659979-bm6br
1679866566.161,16.047201806191723,118431744,28686.735096723252,375.44413738649826,face-detection-3-deployment-878659979-bm6br
1679866566.701,16.047201806191723,118431744,28686.735096723252,375.44413738649826,face-detection-3-deployment-878659979-bm6br
1679866567.241,16.047201806191723,118431744,28686.735096723252,375.44413738649826,face-detection-3-deployment-878659979-bm6br
1679866567.781,16.047201806191723,118431744,28686.735096723252,375.44413738649826,face-detection-3-deployment-878659979-bm6br
1679866568.321,16.047201806191723,118431744,28686.735096723252,375.44413738649826,face-detection-3-deployment-878659979-bm6br
1679866568.878,16.047201806191723,118431744,28686.735096723252,375.44413738649826,face-detection-3-deployment-878659979-bm6br
1679866569.421,16.047201806191723,118431744,28686.735096723252,375.44413738649826,face-detection-3-deployment-878659979-bm6br
1679866569.962,16.047201806191723,118431744,28686.735096723252,375.44413738649826,face-detection-3-deployment-878659979-bm6br
1679866570.504,16.047201806191723,118431744,28686.735096723252,375.44413738649826,face-detection-3-deployment-878659979-bm6br
1679866571.044,16.047201806191723,118431744,28686.735096723252,375.44413738649826,face-detection-3-deployment-878659979-bm6br
1679866571.587,16.047201806191723,118431744,28686.735096723252,375.44413738649826,face-detection-3-deployment-878659979-bm6br
1679866572.138,16.047201806191723,118431744,28686.735096723252,375.44413738649826,face-detection-3-deployment-878659979-bm6br
1679866572.696,16.047201806191723,118431744,28686.735096723252,375.44413738649826,face-detection-3-deployment-878659979-bm6br
1679866573.241,16.047201806191723,118431744,28686.735096723252,375.44413738649826,face-detection-3-deployment-878659979-bm6br
1679866573.788,16.047201806191723,118431744,28686.735096723252,375.44413738649826,face-detection-3-deployment-878659979-bm6br
1679866574.33,16.047201806191723,118431744,28686.735096723252,375.44413738649826,face-detection-3-deployment-878659979-bm6br
1679866574.874,16.047201806191723,118431744,28686.735096723252,375.44413738649826,face-detection-3-deployment-878659979-bm6br
1679866575.413,16.047201806191723,118431744,28686.735096723252,375.44413738649826,face-detection-3-deployment-878659979-bm6br
1679866575.955,16.047201806191723,118431744,28686.735096723252,375.44413738649826,face-detection-3-deployment-878659979-bm6br
1679866576.495,15.988519389481807,118366208,31627.737963056425,406.37932774805694,face-detection-3-deployment-878659979-bm6br
1679866577.036,15.988519389481807,118366208,31627.737963056425,406.37932774805694,face-detection-3-deployment-878659979-bm6br
1679866577.577,15.988519389481807,118366208,31627.737963056425,406.37932774805694,face-detection-3-deployment-878659979-bm6br
1679866578.117,15.988519389481807,118366208,31627.737963056425,406.37932774805694,face-detection-3-deployment-878659979-bm6br
1679866578.668,15.988519389481807,118366208,31627.737963056425,406.37932774805694,face-detection-3-deployment-878659979-bm6br
1679866579.211,15.988519389481807,118366208,31627.737963056425,406.37932774805694,face-detection-3-deployment-878659979-bm6br
1679866579.753,15.988519389481807,118366208,31627.737963056425,406.37932774805694,face-detection-3-deployment-878659979-bm6br
1679866580.293,15.988519389481807,118366208,31627.737963056425,406.37932774805694,face-detection-3-deployment-878659979-bm6br
1679866580.834,15.988519389481807,118366208,31627.737963056425,406.37932774805694,face-detection-3-deployment-878659979-bm6br
1679866581.375,15.988519389481807,118366208,31627.737963056425,406.37932774805694,face-detection-3-deployment-878659979-bm6br
1679866581.917,15.988519389481807,118366208,31627.737963056425,406.37932774805694,face-detection-3-deployment-878659979-bm6br
1679866582.457,15.988519389481807,118366208,31627.737963056425,406.37932774805694,face-detection-3-deployment-878659979-bm6br
1679866582.997,15.988519389481807,118366208,31627.737963056425,406.37932774805694,face-detection-3-deployment-878659979-bm6br
1679866583.537,15.988519389481807,118366208,31627.737963056425,406.37932774805694,face-detection-3-deployment-878659979-bm6br
1679866584.078,15.988519389481807,118366208,31627.737963056425,406.37932774805694,face-detection-3-deployment-878659979-bm6br
1679866584.623,15.988519389481807,118366208,31627.737963056425,406.37932774805694,face-detection-3-deployment-878659979-bm6br
1679866585.164,15.988519389481807,118366208,31627.737963056425,406.37932774805694,face-detection-3-deployment-878659979-bm6br
1679866585.706,15.988519389481807,118366208,31627.737963056425,406.37932774805694,face-detection-3-deployment-878659979-bm6br
1679866586.246,16.247500948692853,118444032,33639.04314395557,399.1883810337462,face-detection-3-deployment-878659979-bm6br
1679866586.785,16.247500948692853,118444032,33639.04314395557,399.1883810337462,face-detection-3-deployment-878659979-bm6br
1679866587.324,16.247500948692853,118444032,33639.04314395557,399.1883810337462,face-detection-3-deployment-878659979-bm6br
1679866587.867,16.247500948692853,118444032,33639.04314395557,399.1883810337462,face-detection-3-deployment-878659979-bm6br
1679866588.419,16.247500948692853,118444032,33639.04314395557,399.1883810337462,face-detection-3-deployment-878659979-bm6br
1679866588.977,16.247500948692853,118444032,33639.04314395557,399.1883810337462,face-detection-3-deployment-878659979-bm6br
1679866589.525,16.247500948692853,118444032,33639.04314395557,399.1883810337462,face-detection-3-deployment-878659979-bm6br
1679866590.07,16.247500948692853,118444032,33639.04314395557,399.1883810337462,face-detection-3-deployment-878659979-bm6br
1679866590.612,16.247500948692853,118444032,33639.04314395557,399.1883810337462,face-detection-3-deployment-878659979-bm6br
1679866591.151,16.247500948692853,118444032,33639.04314395557,399.1883810337462,face-detection-3-deployment-878659979-bm6br
1679866591.714,16.247500948692853,118444032,33639.04314395557,399.1883810337462,face-detection-3-deployment-878659979-bm6br
1679866592.255,16.247500948692853,118444032,33639.04314395557,399.1883810337462,face-detection-3-deployment-878659979-bm6br
1679866592.799,16.247500948692853,118444032,33639.04314395557,399.1883810337462,face-detection-3-deployment-878659979-bm6br
1679866593.341,16.247500948692853,118444032,33639.04314395557,399.1883810337462,face-detection-3-deployment-878659979-bm6br
1679866593.883,16.247500948692853,118444032,33639.04314395557,399.1883810337462,face-detection-3-deployment-878659979-bm6br
1679866594.43,16.247500948692853,118444032,33639.04314395557,399.1883810337462,face-detection-3-deployment-878659979-bm6br
1679866594.971,16.247500948692853,118444032,33639.04314395557,399.1883810337462,face-detection-3-deployment-878659979-bm6br
1679866595.523,16.247500948692853,118444032,33639.04314395557,399.1883810337462,face-detection-3-deployment-878659979-bm6br
1679866596.067,16.454504517186283,118575104,36830.8335605854,461.95800381783476,face-detection-3-deployment-878659979-bm6br
1679866596.614,16.454504517186283,118575104,36830.8335605854,461.95800381783476,face-detection-3-deployment-878659979-bm6br
1679866597.161,16.454504517186283,118575104,36830.8335605854,461.95800381783476,face-detection-3-deployment-878659979-bm6br
1679866597.702,16.454504517186283,118575104,36830.8335605854,461.95800381783476,face-detection-3-deployment-878659979-bm6br
1679866598.244,16.454504517186283,118575104,36830.8335605854,461.95800381783476,face-detection-3-deployment-878659979-bm6br
1679866598.785,16.454504517186283,118575104,36830.8335605854,461.95800381783476,face-detection-3-deployment-878659979-bm6br
1679866599.325,16.454504517186283,118575104,36830.8335605854,461.95800381783476,face-detection-3-deployment-878659979-bm6br
1679866599.866,16.454504517186283,118575104,36830.8335605854,461.95800381783476,face-detection-3-deployment-878659979-bm6br
1679866600.406,16.454504517186283,118575104,36830.8335605854,461.95800381783476,face-detection-3-deployment-878659979-bm6br
1679866600.945,16.454504517186283,118575104,36830.8335605854,461.95800381783476,face-detection-3-deployment-878659979-bm6br
1679866601.485,16.454504517186283,118575104,36830.8335605854,461.95800381783476,face-detection-3-deployment-878659979-bm6br
1679866602.024,16.454504517186283,118575104,36830.8335605854,461.95800381783476,face-detection-3-deployment-878659979-bm6br
1679866602.563,16.454504517186283,118575104,36830.8335605854,461.95800381783476,face-detection-3-deployment-878659979-bm6br
1679866603.129,16.454504517186283,118575104,36830.8335605854,461.95800381783476,face-detection-3-deployment-878659979-bm6br
1679866603.682,16.454504517186283,118575104,36830.8335605854,461.95800381783476,face-detection-3-deployment-878659979-bm6br
1679866604.228,16.454504517186283,118575104,36830.8335605854,461.95800381783476,face-detection-3-deployment-878659979-bm6br
1679866604.772,16.454504517186283,118575104,36830.8335605854,461.95800381783476,face-detection-3-deployment-878659979-bm6br
1679866605.314,16.454504517186283,118575104,36830.8335605854,461.95800381783476,face-detection-3-deployment-878659979-bm6br
1679866605.858,16.454504517186283,118575104,36830.8335605854,461.95800381783476,face-detection-3-deployment-878659979-bm6br
1679866606.397,16.1372380254556,118554624,33609.446598519564,400.42298202326407,face-detection-3-deployment-878659979-bm6br
1679866606.935,16.1372380254556,118554624,33609.446598519564,400.42298202326407,face-detection-3-deployment-878659979-bm6br
1679866607.477,16.1372380254556,118554624,33609.446598519564,400.42298202326407,face-detection-3-deployment-878659979-bm6br
1679866608.016,16.1372380254556,118554624,33609.446598519564,400.42298202326407,face-detection-3-deployment-878659979-bm6br
1679866608.556,16.1372380254556,118554624,33609.446598519564,400.42298202326407,face-detection-3-deployment-878659979-bm6br
1679866609.095,16.1372380254556,118554624,33609.446598519564,400.42298202326407,face-detection-3-deployment-878659979-bm6br
1679866609.636,16.1372380254556,118554624,33609.446598519564,400.42298202326407,face-detection-3-deployment-878659979-bm6br
1679866610.177,16.1372380254556,118554624,33609.446598519564,400.42298202326407,face-detection-3-deployment-878659979-bm6br
1679866610.716,16.1372380254556,118554624,33609.446598519564,400.42298202326407,face-detection-3-deployment-878659979-bm6br
1679866611.258,16.1372380254556,118554624,33609.446598519564,400.42298202326407,face-detection-3-deployment-878659979-bm6br
1679866611.8,16.1372380254556,118554624,33609.446598519564,400.42298202326407,face-detection-3-deployment-878659979-bm6br
1679866612.343,16.1372380254556,118554624,33609.446598519564,400.42298202326407,face-detection-3-deployment-878659979-bm6br
1679866612.895,16.1372380254556,118554624,33609.446598519564,400.42298202326407,face-detection-3-deployment-878659979-bm6br
1679866613.439,16.1372380254556,118554624,33609.446598519564,400.42298202326407,face-detection-3-deployment-878659979-bm6br
1679866613.983,16.1372380254556,118554624,33609.446598519564,400.42298202326407,face-detection-3-deployment-878659979-bm6br
1679866614.528,16.1372380254556,118554624,33609.446598519564,400.42298202326407,face-detection-3-deployment-878659979-bm6br
1679866615.068,16.1372380254556,118554624,33609.446598519564,400.42298202326407,face-detection-3-deployment-878659979-bm6br
1679866615.616,16.1372380254556,118554624,33609.446598519564,400.42298202326407,face-detection-3-deployment-878659979-bm6br
1679866616.161,16.316322588854838,118603776,31406.28105744385,419.79725700655933,face-detection-3-deployment-878659979-bm6br
1679866616.702,16.316322588854838,118603776,31406.28105744385,419.79725700655933,face-detection-3-deployment-878659979-bm6br
1679866617.24,16.316322588854838,118603776,31406.28105744385,419.79725700655933,face-detection-3-deployment-878659979-bm6br
1679866617.782,16.316322588854838,118603776,31406.28105744385,419.79725700655933,face-detection-3-deployment-878659979-bm6br
1679866618.325,16.316322588854838,118603776,31406.28105744385,419.79725700655933,face-detection-3-deployment-878659979-bm6br
1679866618.877,16.316322588854838,118603776,31406.28105744385,419.79725700655933,face-detection-3-deployment-878659979-bm6br
1679866619.43,16.316322588854838,118603776,31406.28105744385,419.79725700655933,face-detection-3-deployment-878659979-bm6br
1679866619.982,16.316322588854838,118603776,31406.28105744385,419.79725700655933,face-detection-3-deployment-878659979-bm6br
1679866620.533,16.316322588854838,118603776,31406.28105744385,419.79725700655933,face-detection-3-deployment-878659979-bm6br
1679866621.075,16.316322588854838,118603776,31406.28105744385,419.79725700655933,face-detection-3-deployment-878659979-bm6br
1679866621.619,16.316322588854838,118603776,31406.28105744385,419.79725700655933,face-detection-3-deployment-878659979-bm6br
1679866622.16,16.316322588854838,118603776,31406.28105744385,419.79725700655933,face-detection-3-deployment-878659979-bm6br
1679866622.701,16.316322588854838,118603776,31406.28105744385,419.79725700655933,face-detection-3-deployment-878659979-bm6br
1679866623.242,16.316322588854838,118603776,31406.28105744385,419.79725700655933,face-detection-3-deployment-878659979-bm6br
1679866623.784,16.316322588854838,118603776,31406.28105744385,419.79725700655933,face-detection-3-deployment-878659979-bm6br
1679866624.327,16.316322588854838,118603776,31406.28105744385,419.79725700655933,face-detection-3-deployment-878659979-bm6br
1679866624.868,16.316322588854838,118603776,31406.28105744385,419.79725700655933,face-detection-3-deployment-878659979-bm6br
1679866625.411,16.316322588854838,118603776,31406.28105744385,419.79725700655933,face-detection-3-deployment-878659979-bm6br
1679866625.95,16.433125908084946,118726656,33318.598679383715,397.28539985326483,face-detection-3-deployment-878659979-bm6br
1679866626.491,16.433125908084946,118726656,33318.598679383715,397.28539985326483,face-detection-3-deployment-878659979-bm6br
1679866627.03,16.433125908084946,118726656,33318.598679383715,397.28539985326483,face-detection-3-deployment-878659979-bm6br
1679866627.57,16.433125908084946,118726656,33318.598679383715,397.28539985326483,face-detection-3-deployment-878659979-bm6br
1679866628.109,16.433125908084946,118726656,33318.598679383715,397.28539985326483,face-detection-3-deployment-878659979-bm6br
1679866628.648,16.433125908084946,118726656,33318.598679383715,397.28539985326483,face-detection-3-deployment-878659979-bm6br
1679866629.187,16.433125908084946,118726656,33318.598679383715,397.28539985326483,face-detection-3-deployment-878659979-bm6br
1679866629.727,16.433125908084946,118726656,33318.598679383715,397.28539985326483,face-detection-3-deployment-878659979-bm6br
1679866630.28,16.433125908084946,118726656,33318.598679383715,397.28539985326483,face-detection-3-deployment-878659979-bm6br
1679866630.821,16.433125908084946,118726656,33318.598679383715,397.28539985326483,face-detection-3-deployment-878659979-bm6br
1679866631.361,16.433125908084946,118726656,33318.598679383715,397.28539985326483,face-detection-3-deployment-878659979-bm6br
1679866631.9,16.433125908084946,118726656,33318.598679383715,397.28539985326483,face-detection-3-deployment-878659979-bm6br
1679866632.439,16.433125908084946,118726656,33318.598679383715,397.28539985326483,face-detection-3-deployment-878659979-bm6br
1679866632.98,16.433125908084946,118726656,33318.598679383715,397.28539985326483,face-detection-3-deployment-878659979-bm6br
1679866633.521,16.433125908084946,118726656,33318.598679383715,397.28539985326483,face-detection-3-deployment-878659979-bm6br
1679866634.06,16.433125908084946,118726656,33318.598679383715,397.28539985326483,face-detection-3-deployment-878659979-bm6br
1679866634.6,16.433125908084946,118726656,33318.598679383715,397.28539985326483,face-detection-3-deployment-878659979-bm6br
1679866635.157,16.433125908084946,118726656,33318.598679383715,397.28539985326483,face-detection-3-deployment-878659979-bm6br
1679866635.708,16.433125908084946,118726656,33318.598679383715,397.28539985326483,face-detection-3-deployment-878659979-bm6br
1679866636.26,16.265654262083203,118575104,33520.61550601697,417.83389228644705,face-detection-3-deployment-878659979-bm6br
1679866636.802,16.265654262083203,118575104,33520.61550601697,417.83389228644705,face-detection-3-deployment-878659979-bm6br
1679866637.342,16.265654262083203,118575104,33520.61550601697,417.83389228644705,face-detection-3-deployment-878659979-bm6br
1679866637.885,16.265654262083203,118575104,33520.61550601697,417.83389228644705,face-detection-3-deployment-878659979-bm6br
1679866638.437,16.265654262083203,118575104,33520.61550601697,417.83389228644705,face-detection-3-deployment-878659979-bm6br
1679866638.981,16.265654262083203,118575104,33520.61550601697,417.83389228644705,face-detection-3-deployment-878659979-bm6br
1679866639.526,16.265654262083203,118575104,33520.61550601697,417.83389228644705,face-detection-3-deployment-878659979-bm6br
1679866640.073,16.265654262083203,118575104,33520.61550601697,417.83389228644705,face-detection-3-deployment-878659979-bm6br
1679866640.618,16.265654262083203,118575104,33520.61550601697,417.83389228644705,face-detection-3-deployment-878659979-bm6br
1679866641.161,16.265654262083203,118575104,33520.61550601697,417.83389228644705,face-detection-3-deployment-878659979-bm6br
1679866641.702,16.265654262083203,118575104,33520.61550601697,417.83389228644705,face-detection-3-deployment-878659979-bm6br
1679866642.242,16.265654262083203,118575104,33520.61550601697,417.83389228644705,face-detection-3-deployment-878659979-bm6br
1679866642.782,16.265654262083203,118575104,33520.61550601697,417.83389228644705,face-detection-3-deployment-878659979-bm6br
1679866643.323,16.265654262083203,118575104,33520.61550601697,417.83389228644705,face-detection-3-deployment-878659979-bm6br
1679866643.865,16.265654262083203,118575104,33520.61550601697,417.83389228644705,face-detection-3-deployment-878659979-bm6br
1679866644.399,16.265654262083203,118575104,33520.61550601697,417.83389228644705,face-detection-3-deployment-878659979-bm6br
1679866644.938,16.265654262083203,118575104,33520.61550601697,417.83389228644705,face-detection-3-deployment-878659979-bm6br
1679866645.469,16.265654262083203,118575104,33520.61550601697,417.83389228644705,face-detection-3-deployment-878659979-bm6br
1679866646.002,16.429702483492935,118763520,33953.01863631291,417.1409440910613,face-detection-3-deployment-878659979-bm6br
1679866646.534,16.429702483492935,118763520,33953.01863631291,417.1409440910613,face-detection-3-deployment-878659979-bm6br
1679866647.071,16.429702483492935,118763520,33953.01863631291,417.1409440910613,face-detection-3-deployment-878659979-bm6br
1679866647.628,16.429702483492935,118763520,33953.01863631291,417.1409440910613,face-detection-3-deployment-878659979-bm6br
1679866648.178,16.429702483492935,118763520,33953.01863631291,417.1409440910613,face-detection-3-deployment-878659979-bm6br
1679866648.719,16.429702483492935,118763520,33953.01863631291,417.1409440910613,face-detection-3-deployment-878659979-bm6br
1679866649.26,16.429702483492935,118763520,33953.01863631291,417.1409440910613,face-detection-3-deployment-878659979-bm6br
1679866649.817,16.429702483492935,118763520,33953.01863631291,417.1409440910613,face-detection-3-deployment-878659979-bm6br
1679866650.365,16.429702483492935,118763520,33953.01863631291,417.1409440910613,face-detection-3-deployment-878659979-bm6br
1679866650.919,16.429702483492935,118763520,33953.01863631291,417.1409440910613,face-detection-3-deployment-878659979-bm6br
1679866651.464,16.429702483492935,118763520,33953.01863631291,417.1409440910613,face-detection-3-deployment-878659979-bm6br
1679866652.009,16.429702483492935,118763520,33953.01863631291,417.1409440910613,face-detection-3-deployment-878659979-bm6br
1679866652.554,16.429702483492935,118763520,33953.01863631291,417.1409440910613,face-detection-3-deployment-878659979-bm6br
1679866653.1,16.429702483492935,118763520,33953.01863631291,417.1409440910613,face-detection-3-deployment-878659979-bm6br
1679866653.647,16.429702483492935,118763520,33953.01863631291,417.1409440910613,face-detection-3-deployment-878659979-bm6br
1679866654.203,16.429702483492935,118763520,33953.01863631291,417.1409440910613,face-detection-3-deployment-878659979-bm6br
1679866654.75,16.429702483492935,118763520,33953.01863631291,417.1409440910613,face-detection-3-deployment-878659979-bm6br
1679866655.293,16.429702483492935,118763520,33953.01863631291,417.1409440910613,face-detection-3-deployment-878659979-bm6br
1679866655.838,16.429702483492935,118763520,33953.01863631291,417.1409440910613,face-detection-3-deployment-878659979-bm6br
1679866656.38,16.232132283626356,118857728,31075.639204545456,386.71875,face-detection-3-deployment-878659979-bm6br
1679866656.926,16.232132283626356,118857728,31075.639204545456,386.71875,face-detection-3-deployment-878659979-bm6br
1679866657.473,16.232132283626356,118857728,31075.639204545456,386.71875,face-detection-3-deployment-878659979-bm6br
1679866658.018,16.232132283626356,118857728,31075.639204545456,386.71875,face-detection-3-deployment-878659979-bm6br
1679866658.564,16.232132283626356,118857728,31075.639204545456,386.71875,face-detection-3-deployment-878659979-bm6br
1679866659.126,16.232132283626356,118857728,31075.639204545456,386.71875,face-detection-3-deployment-878659979-bm6br
1679866659.666,16.232132283626356,118857728,31075.639204545456,386.71875,face-detection-3-deployment-878659979-bm6br
1679866660.205,16.232132283626356,118857728,31075.639204545456,386.71875,face-detection-3-deployment-878659979-bm6br
1679866660.747,16.232132283626356,118857728,31075.639204545456,386.71875,face-detection-3-deployment-878659979-bm6br
1679866661.286,16.232132283626356,118857728,31075.639204545456,386.71875,face-detection-3-deployment-878659979-bm6br
1679866661.827,16.232132283626356,118857728,31075.639204545456,386.71875,face-detection-3-deployment-878659979-bm6br
1679866662.366,16.232132283626356,118857728,31075.639204545456,386.71875,face-detection-3-deployment-878659979-bm6br
1679866662.905,16.232132283626356,118857728,31075.639204545456,386.71875,face-detection-3-deployment-878659979-bm6br
1679866663.444,16.232132283626356,118857728,31075.639204545456,386.71875,face-detection-3-deployment-878659979-bm6br
1679866663.984,16.232132283626356,118857728,31075.639204545456,386.71875,face-detection-3-deployment-878659979-bm6br
1679866664.547,16.232132283626356,118857728,31075.639204545456,386.71875,face-detection-3-deployment-878659979-bm6br
1679866665.103,16.232132283626356,118857728,31075.639204545456,386.71875,face-detection-3-deployment-878659979-bm6br
1679866665.653,16.232132283626356,118857728,31075.639204545456,386.71875,face-detection-3-deployment-878659979-bm6br
1679866666.195,16.34582430195095,118714368,33898.31599270621,408.023168507991,face-detection-3-deployment-878659979-bm6br
1679866666.739,16.34582430195095,118714368,33898.31599270621,408.023168507991,face-detection-3-deployment-878659979-bm6br
1679866667.278,16.34582430195095,118714368,33898.31599270621,408.023168507991,face-detection-3-deployment-878659979-bm6br
1679866667.818,16.34582430195095,118714368,33898.31599270621,408.023168507991,face-detection-3-deployment-878659979-bm6br
1679866668.359,16.34582430195095,118714368,33898.31599270621,408.023168507991,face-detection-3-deployment-878659979-bm6br
1679866668.9,16.34582430195095,118714368,33898.31599270621,408.023168507991,face-detection-3-deployment-878659979-bm6br
1679866669.442,16.34582430195095,118714368,33898.31599270621,408.023168507991,face-detection-3-deployment-878659979-bm6br
1679866669.982,16.34582430195095,118714368,33898.31599270621,408.023168507991,face-detection-3-deployment-878659979-bm6br
1679866670.521,16.34582430195095,118714368,33898.31599270621,408.023168507991,face-detection-3-deployment-878659979-bm6br
1679866671.065,16.34582430195095,118714368,33898.31599270621,408.023168507991,face-detection-3-deployment-878659979-bm6br
1679866671.606,16.34582430195095,118714368,33898.31599270621,408.023168507991,face-detection-3-deployment-878659979-bm6br
1679866672.146,16.34582430195095,118714368,33898.31599270621,408.023168507991,face-detection-3-deployment-878659979-bm6br
1679866672.687,16.34582430195095,118714368,33898.31599270621,408.023168507991,face-detection-3-deployment-878659979-bm6br
1679866673.228,16.34582430195095,118714368,33898.31599270621,408.023168507991,face-detection-3-deployment-878659979-bm6br
1679866673.767,16.34582430195095,118714368,33898.31599270621,408.023168507991,face-detection-3-deployment-878659979-bm6br
1679866674.308,16.34582430195095,118714368,33898.31599270621,408.023168507991,face-detection-3-deployment-878659979-bm6br
1679866674.848,16.34582430195095,118714368,33898.31599270621,408.023168507991,face-detection-3-deployment-878659979-bm6br
1679866675.388,16.34582430195095,118714368,33898.31599270621,408.023168507991,face-detection-3-deployment-878659979-bm6br
1679866675.932,16.34582430195095,118714368,33898.31599270621,408.023168507991,face-detection-3-deployment-878659979-bm6br
1679866676.475,16.218265559242482,118829056,25279.742155654567,323.0637975163523,face-detection-3-deployment-878659979-bm6br
1679866677.026,16.218265559242482,118829056,25279.742155654567,323.0637975163523,face-detection-3-deployment-878659979-bm6br
1679866677.568,16.218265559242482,118829056,25279.742155654567,323.0637975163523,face-detection-3-deployment-878659979-bm6br
1679866678.111,16.218265559242482,118829056,25279.742155654567,323.0637975163523,face-detection-3-deployment-878659979-bm6br
1679866678.654,16.218265559242482,118829056,25279.742155654567,323.0637975163523,face-detection-3-deployment-878659979-bm6br
1679866679.193,16.218265559242482,118829056,25279.742155654567,323.0637975163523,face-detection-3-deployment-878659979-bm6br
1679866679.733,16.218265559242482,118829056,25279.742155654567,323.0637975163523,face-detection-3-deployment-878659979-bm6br
1679866680.274,16.218265559242482,118829056,25279.742155654567,323.0637975163523,face-detection-3-deployment-878659979-bm6br
1679866680.821,16.218265559242482,118829056,25279.742155654567,323.0637975163523,face-detection-3-deployment-878659979-bm6br
1679866681.385,16.218265559242482,118829056,25279.742155654567,323.0637975163523,face-detection-3-deployment-878659979-bm6br
1679866681.935,16.218265559242482,118829056,25279.742155654567,323.0637975163523,face-detection-3-deployment-878659979-bm6br
1679866682.479,16.218265559242482,118829056,25279.742155654567,323.0637975163523,face-detection-3-deployment-878659979-bm6br
1679866683.021,16.218265559242482,118829056,25279.742155654567,323.0637975163523,face-detection-3-deployment-878659979-bm6br
