1678993347.146,3.8374999999981156,7.133888087377232,62,1615.8,node2
1678993347.164,63.31874999999627,41.85991498357892,112.4,1551.9,node1
1678993347.691,3.8374999999981156,7.133888087377232,62,1615.8,node2
1678993347.71,63.31874999999627,41.85991498357892,112.4,1551.9,node1
1678993348.227,3.8374999999981156,7.133888087377232,62,1615.8,node2
1678993348.243,63.31874999999627,41.85991498357892,112.4,1551.9,node1
1678993348.76,4.304166666668905,7.165075801001198,62,1617.7,node2
1678993348.777,63.31874999999627,41.85991498357892,112.4,1551.9,node1
1678993349.295,4.304166666668905,7.165075801001198,62,1617.7,node2
1678993349.311,63.31874999999627,41.85991498357892,112.4,1551.9,node1
1678993349.828,4.304166666668905,7.165075801001198,62,1617.7,node2
1678993349.844,63.31874999999627,41.85991498357892,112.4,1551.9,node1
1678993350.361,4.304166666668905,7.165075801001198,62,1617.7,node2
1678993350.378,63.31874999999627,41.85991498357892,112.4,1551.9,node1
1678993350.896,4.304166666668905,7.165075801001198,62,1617.7,node2
1678993350.912,63.31874999999627,41.85991498357892,112.4,1551.9,node1
1678993351.428,4.304166666668905,7.165075801001198,62,1617.7,node2
1678993351.444,63.31874999999627,41.85991498357892,112.4,1551.9,node1
1678993351.962,4.304166666668905,7.165075801001198,62,1617.7,node2
1678993351.977,63.31874999999627,41.85991498357892,112.4,1551.9,node1
1678993352.494,4.304166666668905,7.165075801001198,62,1617.7,node2
1678993352.513,66.48750000000518,42.82162380022458,193.4,1548.8,node1
1678993353.035,4.304166666668905,7.165075801001198,62,1617.7,node2
1678993353.051,66.48750000000518,42.82162380022458,193.4,1548.8,node1
1678993353.568,4.304166666668905,7.165075801001198,62,1617.7,node2
1678993353.582,66.48750000000518,42.82162380022458,193.4,1548.8,node1
1678993354.095,4.304166666668905,7.165075801001198,62,1617.7,node2
1678993354.105,66.48750000000518,42.82162380022458,193.4,1548.8,node1
1678993354.617,4.304166666668905,7.165075801001198,62,1617.7,node2
1678993354.633,66.48750000000518,42.82162380022458,193.4,1548.8,node1
1678993355.15,4.304166666668905,7.165075801001198,62,1617.7,node2
1678993355.166,66.48750000000518,42.82162380022458,193.4,1548.8,node1
1678993355.686,4.304166666668905,7.165075801001198,62,1617.7,node2
1678993355.703,66.48750000000518,42.82162380022458,193.4,1548.8,node1
1678993356.222,4.304166666668905,7.165075801001198,62,1617.7,node2
1678993356.239,66.48750000000518,42.82162380022458,193.4,1548.8,node1
1678993356.756,4.304166666668905,7.165075801001198,62,1617.7,node2
1678993356.773,66.48750000000518,42.82162380022458,193.4,1548.8,node1
1678993357.29,4.304166666668905,7.165075801001198,62,1617.7,node2
1678993357.303,66.48750000000518,42.82162380022458,193.4,1548.8,node1
1678993357.815,4.304166666668905,7.165075801001198,62,1617.7,node2
1678993357.83,66.48750000000518,42.82162380022458,193.4,1548.8,node1
1678993358.347,4.304166666668905,7.165075801001198,62,1617.7,node2
1678993358.362,66.48750000000518,42.82162380022458,193.4,1548.8,node1
1678993358.878,6.5458333333326095,7.239361257114507,62,1628.5,node2
1678993358.894,66.48750000000518,42.82162380022458,193.4,1548.8,node1
1678993359.41,6.5458333333326095,7.239361257114507,62,1628.5,node2
1678993359.427,66.48750000000518,42.82162380022458,193.4,1548.8,node1
1678993359.943,6.5458333333326095,7.239361257114507,62,1628.5,node2
1678993359.96,66.48750000000518,42.82162380022458,193.4,1548.8,node1
1678993360.477,6.5458333333326095,7.239361257114507,62,1628.5,node2
1678993360.493,66.48750000000518,42.82162380022458,193.4,1548.8,node1
1678993361.009,6.5458333333326095,7.239361257114507,62,1628.5,node2
1678993361.024,66.48750000000518,42.82162380022458,193.4,1548.8,node1
1678993361.544,6.5458333333326095,7.239361257114507,62,1628.5,node2
1678993361.567,66.48750000000518,42.82162380022458,193.4,1548.8,node1
1678993362.083,6.5458333333326095,7.239361257114507,62,1628.5,node2
1678993362.099,67.59999999999991,42.819511683607914,227.9,1568.6,node1
1678993362.617,6.5458333333326095,7.239361257114507,62,1628.5,node2
1678993362.633,67.59999999999991,42.819511683607914,227.9,1568.6,node1
1678993363.153,6.5458333333326095,7.239361257114507,62,1628.5,node2
1678993363.17,67.59999999999991,42.819511683607914,227.9,1568.6,node1
1678993363.687,6.5458333333326095,7.239361257114507,62,1628.5,node2
1678993363.704,67.59999999999991,42.819511683607914,227.9,1568.6,node1
1678993364.22,6.5458333333326095,7.239361257114507,62,1628.5,node2
1678993364.237,67.59999999999991,42.819511683607914,227.9,1568.6,node1
1678993364.752,6.5458333333326095,7.239361257114507,62,1628.5,node2
1678993364.776,67.59999999999991,42.819511683607914,227.9,1568.6,node1
1678993365.311,6.5458333333326095,7.239361257114507,62,1628.5,node2
1678993365.327,67.59999999999991,42.819511683607914,227.9,1568.6,node1
1678993365.845,6.5458333333326095,7.239361257114507,62,1628.5,node2
1678993365.86,67.59999999999991,42.819511683607914,227.9,1568.6,node1
1678993366.376,6.5458333333326095,7.239361257114507,62,1628.5,node2
1678993366.392,67.59999999999991,42.819511683607914,227.9,1568.6,node1
1678993366.912,6.5458333333326095,7.239361257114507,62,1628.5,node2
1678993366.928,67.59999999999991,42.819511683607914,227.9,1568.6,node1
1678993367.444,6.5458333333326095,7.239361257114507,62,1628.5,node2
1678993367.464,67.59999999999991,42.819511683607914,227.9,1568.6,node1
1678993367.985,6.5458333333326095,7.239361257114507,62,1628.5,node2
1678993368.017,67.59999999999991,42.819511683607914,227.9,1568.6,node1
1678993368.543,4.825000000001111,7.250029135730123,62,1653.1,node2
1678993368.561,67.59999999999991,42.819511683607914,227.9,1568.6,node1
1678993369.107,4.825000000001111,7.250029135730123,62,1653.1,node2
1678993369.125,67.59999999999991,42.819511683607914,227.9,1568.6,node1
1678993369.644,4.825000000001111,7.250029135730123,62,1653.1,node2
1678993369.663,67.59999999999991,42.819511683607914,227.9,1568.6,node1
1678993370.182,4.825000000001111,7.250029135730123,62,1653.1,node2
1678993370.2,67.59999999999991,42.819511683607914,227.9,1568.6,node1
1678993370.718,4.825000000001111,7.250029135730123,62,1653.1,node2
1678993370.735,67.59999999999991,42.819511683607914,227.9,1568.6,node1
1678993371.253,4.825000000001111,7.250029135730123,62,1653.1,node2
1678993371.27,67.59999999999991,42.819511683607914,227.9,1568.6,node1
1678993371.788,4.825000000001111,7.250029135730123,62,1653.1,node2
1678993371.805,67.59999999999991,42.819511683607914,227.9,1568.6,node1
1678993372.324,4.825000000001111,7.250029135730123,62,1653.1,node2
1678993372.343,66.95625000000064,42.79339598285359,119,1571.8,node1
1678993372.862,4.825000000001111,7.250029135730123,62,1653.1,node2
1678993372.881,66.95625000000064,42.79339598285359,119,1571.8,node1
1678993373.402,4.825000000001111,7.250029135730123,62,1653.1,node2
1678993373.421,66.95625000000064,42.79339598285359,119,1571.8,node1
1678993374.117,4.825000000001111,7.250029135730123,62,1653.1,node2
1678993374.208,66.95625000000064,42.79339598285359,119,1571.8,node1
1678993374.741,4.825000000001111,7.250029135730123,62,1653.1,node2
1678993374.762,66.95625000000064,42.79339598285359,119,1571.8,node1
1678993375.307,4.825000000001111,7.250029135730123,62,1653.1,node2
1678993375.328,66.95625000000064,42.79339598285359,119,1571.8,node1
1678993375.848,4.825000000001111,7.250029135730123,62,1653.1,node2
1678993375.867,66.95625000000064,42.79339598285359,119,1571.8,node1
1678993376.386,4.825000000001111,7.250029135730123,62,1653.1,node2
1678993376.404,66.95625000000064,42.79339598285359,119,1571.8,node1
1678993376.923,4.825000000001111,7.250029135730123,62,1653.1,node2
1678993376.941,66.95625000000064,42.79339598285359,119,1571.8,node1
1678993377.459,4.825000000001111,7.250029135730123,62,1653.1,node2
1678993377.476,66.95625000000064,42.79339598285359,119,1571.8,node1
1678993377.994,4.825000000001111,7.250029135730123,62,1653.1,node2
1678993378.011,66.95625000000064,42.79339598285359,119,1571.8,node1
1678993378.529,4.954166666665685,7.298911401441406,62,1653.4,node2
1678993378.547,66.95625000000064,42.79339598285359,119,1571.8,node1
1678993379.064,4.954166666665685,7.298911401441406,62,1653.4,node2
1678993379.08,66.95625000000064,42.79339598285359,119,1571.8,node1
1678993379.597,4.954166666665685,7.298911401441406,62,1653.4,node2
1678993379.614,66.95625000000064,42.79339598285359,119,1571.8,node1
1678993380.131,4.954166666665685,7.298911401441406,62,1653.4,node2
1678993380.147,66.95625000000064,42.79339598285359,119,1571.8,node1
1678993380.665,4.954166666665685,7.298911401441406,62,1653.4,node2
1678993380.688,66.95625000000064,42.79339598285359,119,1571.8,node1
1678993381.221,4.954166666665685,7.298911401441406,62,1653.4,node2
1678993381.247,66.95625000000064,42.79339598285359,119,1571.8,node1
1678993381.772,4.954166666665685,7.298911401441406,62,1653.4,node2
1678993381.788,66.95625000000064,42.79339598285359,119,1571.8,node1
1678993382.327,4.954166666665685,7.298911401441406,62,1653.4,node2
1678993382.349,67.25624999999809,42.8233383419487,114.8,1567,node1
1678993382.868,4.954166666665685,7.298911401441406,62,1653.4,node2
1678993382.884,67.25624999999809,42.8233383419487,114.8,1567,node1
1678993383.404,4.954166666665685,7.298911401441406,62,1653.4,node2
1678993383.421,67.25624999999809,42.8233383419487,114.8,1567,node1
1678993383.941,4.954166666665685,7.298911401441406,62,1653.4,node2
1678993383.959,67.25624999999809,42.8233383419487,114.8,1567,node1
1678993384.478,4.954166666665685,7.298911401441406,62,1653.4,node2
1678993384.494,67.25624999999809,42.8233383419487,114.8,1567,node1
1678993385.011,4.954166666665685,7.298911401441406,62,1653.4,node2
1678993385.029,67.25624999999809,42.8233383419487,114.8,1567,node1
1678993385.55,4.954166666665685,7.298911401441406,62,1653.4,node2
1678993385.572,67.25624999999809,42.8233383419487,114.8,1567,node1
1678993386.091,4.954166666665685,7.298911401441406,62,1653.4,node2
1678993386.107,67.25624999999809,42.8233383419487,114.8,1567,node1
1678993386.623,4.954166666665685,7.298911401441406,62,1653.4,node2
1678993386.639,67.25624999999809,42.8233383419487,114.8,1567,node1
1678993387.155,4.954166666665685,7.298911401441406,62,1653.4,node2
1678993387.17,67.25624999999809,42.8233383419487,114.8,1567,node1
1678993387.686,4.954166666665685,7.298911401441406,62,1653.4,node2
1678993387.701,67.25624999999809,42.8233383419487,114.8,1567,node1
1678993388.217,4.954166666665685,7.298911401441406,62,1653.4,node2
1678993388.237,67.25624999999809,42.8233383419487,114.8,1567,node1
1678993388.761,4.979166666667339,7.319638261491382,62,1652.5,node2
1678993388.778,67.25624999999809,42.8233383419487,114.8,1567,node1
1678993389.321,4.979166666667339,7.319638261491382,62,1652.5,node2
1678993389.339,67.25624999999809,42.8233383419487,114.8,1567,node1
1678993389.856,4.979166666667339,7.319638261491382,62,1652.5,node2
1678993389.874,67.25624999999809,42.8233383419487,114.8,1567,node1
1678993390.392,4.979166666667339,7.319638261491382,62,1652.5,node2
1678993390.41,67.25624999999809,42.8233383419487,114.8,1567,node1
1678993390.929,4.979166666667339,7.319638261491382,62,1652.5,node2
1678993390.946,67.25624999999809,42.8233383419487,114.8,1567,node1
1678993391.464,4.979166666667339,7.319638261491382,62,1652.5,node2
1678993391.481,67.25624999999809,42.8233383419487,114.8,1567,node1
1678993391.998,4.979166666667339,7.319638261491382,62,1652.5,node2
1678993392.016,67.25624999999809,42.8233383419487,114.8,1567,node1
1678993392.537,4.979166666667339,7.319638261491382,62,1652.5,node2
1678993392.555,67.35625000000027,42.83976315469714,114.8,1565.7,node1
1678993393.077,4.979166666667339,7.319638261491382,62,1652.5,node2
1678993393.1,67.35625000000027,42.83976315469714,114.8,1565.7,node1
1678993393.618,4.979166666667339,7.319638261491382,62,1652.5,node2
1678993393.635,67.35625000000027,42.83976315469714,114.8,1565.7,node1
1678993394.202,4.979166666667339,7.319638261491382,62,1652.5,node2
1678993394.241,67.35625000000027,42.83976315469714,114.8,1565.7,node1
1678993394.765,4.979166666667339,7.319638261491382,62,1652.5,node2
1678993394.783,67.35625000000027,42.83976315469714,114.8,1565.7,node1
1678993395.31,4.979166666667339,7.319638261491382,62,1652.5,node2
1678993395.329,67.35625000000027,42.83976315469714,114.8,1565.7,node1
1678993395.847,4.979166666667339,7.319638261491382,62,1652.5,node2
1678993395.867,67.35625000000027,42.83976315469714,114.8,1565.7,node1
1678993396.387,4.979166666667339,7.319638261491382,62,1652.5,node2
1678993396.427,67.35625000000027,42.83976315469714,114.8,1565.7,node1
1678993396.949,4.979166666667339,7.319638261491382,62,1652.5,node2
1678993396.965,67.35625000000027,42.83976315469714,114.8,1565.7,node1
1678993397.482,4.979166666667339,7.319638261491382,62,1652.5,node2
1678993397.498,67.35625000000027,42.83976315469714,114.8,1565.7,node1
1678993398.014,4.979166666667339,7.319638261491382,62,1652.5,node2
1678993398.03,67.35625000000027,42.83976315469714,114.8,1565.7,node1
1678993398.547,4.7166666666657875,7.343567920714768,62,1651.5,node2
1678993398.564,67.35625000000027,42.83976315469714,114.8,1565.7,node1
1678993399.08,4.7166666666657875,7.343567920714768,62,1651.5,node2
1678993399.095,67.35625000000027,42.83976315469714,114.8,1565.7,node1
1678993399.612,4.7166666666657875,7.343567920714768,62,1651.5,node2
1678993399.629,67.35625000000027,42.83976315469714,114.8,1565.7,node1
1678993400.145,4.7166666666657875,7.343567920714768,62,1651.5,node2
1678993400.161,67.35625000000027,42.83976315469714,114.8,1565.7,node1
1678993400.677,4.7166666666657875,7.343567920714768,62,1651.5,node2
1678993400.693,67.35625000000027,42.83976315469714,114.8,1565.7,node1
1678993401.21,4.7166666666657875,7.343567920714768,62,1651.5,node2
1678993401.226,67.35625000000027,42.83976315469714,114.8,1565.7,node1
1678993401.742,4.7166666666657875,7.343567920714768,62,1651.5,node2
1678993401.767,67.35625000000027,42.83976315469714,114.8,1565.7,node1
1678993402.291,4.7166666666657875,7.343567920714768,62,1651.5,node2
1678993402.309,67.32500000000073,42.839812851558705,119,1568.5,node1
1678993402.863,4.7166666666657875,7.343567920714768,62,1651.5,node2
1678993402.88,67.32500000000073,42.839812851558705,119,1568.5,node1
1678993403.397,4.7166666666657875,7.343567920714768,62,1651.5,node2
1678993403.413,67.32500000000073,42.839812851558705,119,1568.5,node1
1678993403.93,4.7166666666657875,7.343567920714768,62,1651.5,node2
1678993403.946,67.32500000000073,42.839812851558705,119,1568.5,node1
1678993404.463,4.7166666666657875,7.343567920714768,62,1651.5,node2
1678993404.48,67.32500000000073,42.839812851558705,119,1568.5,node1
1678993404.997,4.7166666666657875,7.343567920714768,62,1651.5,node2
1678993405.018,67.32500000000073,42.839812851558705,119,1568.5,node1
1678993405.537,4.7166666666657875,7.343567920714768,62,1651.5,node2
1678993405.555,67.32500000000073,42.839812851558705,119,1568.5,node1
1678993406.075,4.7166666666657875,7.343567920714768,62,1651.5,node2
1678993406.092,67.32500000000073,42.839812851558705,119,1568.5,node1
1678993406.613,4.7166666666657875,7.343567920714768,62,1651.5,node2
1678993406.63,67.32500000000073,42.839812851558705,119,1568.5,node1
1678993407.176,4.7166666666657875,7.343567920714768,62,1651.5,node2
1678993407.192,67.32500000000073,42.839812851558705,119,1568.5,node1
1678993407.708,4.7166666666657875,7.343567920714768,62,1651.5,node2
1678993407.725,67.32500000000073,42.839812851558705,119,1568.5,node1
1678993408.241,4.7166666666657875,7.343567920714768,62,1651.5,node2
1678993408.256,67.32500000000073,42.839812851558705,119,1568.5,node1
1678993408.774,4.766666666667263,7.335019004289924,62,1654.6,node2
1678993408.79,67.32500000000073,42.839812851558705,119,1568.5,node1
1678993409.307,4.766666666667263,7.335019004289924,62,1654.6,node2
1678993409.328,67.32500000000073,42.839812851558705,119,1568.5,node1
1678993409.852,4.766666666667263,7.335019004289924,62,1654.6,node2
1678993409.87,67.32500000000073,42.839812851558705,119,1568.5,node1
1678993410.411,4.766666666667263,7.335019004289924,62,1654.6,node2
1678993410.428,67.32500000000073,42.839812851558705,119,1568.5,node1
1678993410.947,4.766666666667263,7.335019004289924,62,1654.6,node2
1678993410.964,67.32500000000073,42.839812851558705,119,1568.5,node1
1678993411.482,4.766666666667263,7.335019004289924,62,1654.6,node2
1678993411.498,67.32500000000073,42.839812851558705,119,1568.5,node1
1678993412.016,4.766666666667263,7.335019004289924,62,1654.6,node2
1678993412.034,67.32500000000073,42.839812851558705,119,1568.5,node1
1678993412.552,4.766666666667263,7.335019004289924,62,1654.6,node2
1678993412.573,67.61250000000018,42.859120082278125,114.8,1570.2,node1
1678993413.094,4.766666666667263,7.335019004289924,62,1654.6,node2
1678993413.111,67.61250000000018,42.859120082278125,114.8,1570.2,node1
1678993413.628,4.766666666667263,7.335019004289924,62,1654.6,node2
1678993413.645,67.61250000000018,42.859120082278125,114.8,1570.2,node1
1678993414.161,4.766666666667263,7.335019004289924,62,1654.6,node2
1678993414.178,67.61250000000018,42.859120082278125,114.8,1570.2,node1
1678993414.696,4.766666666667263,7.335019004289924,62,1654.6,node2
1678993414.714,67.61250000000018,42.859120082278125,114.8,1570.2,node1
1678993415.231,4.766666666667263,7.335019004289924,62,1654.6,node2
1678993415.247,67.61250000000018,42.859120082278125,114.8,1570.2,node1
1678993415.764,4.766666666667263,7.335019004289924,62,1654.6,node2
1678993415.786,67.61250000000018,42.859120082278125,114.8,1570.2,node1
1678993416.313,4.766666666667263,7.335019004289924,62,1654.6,node2
1678993416.339,67.61250000000018,42.859120082278125,114.8,1570.2,node1
1678993416.863,4.766666666667263,7.335019004289924,62,1654.6,node2
1678993416.885,67.61250000000018,42.859120082278125,114.8,1570.2,node1
1678993417.417,4.766666666667263,7.335019004289924,62,1654.6,node2
1678993417.434,67.61250000000018,42.859120082278125,114.8,1570.2,node1
1678993417.951,4.766666666667263,7.335019004289924,62,1654.6,node2
1678993417.969,67.61250000000018,42.859120082278125,114.8,1570.2,node1
1678993418.487,4.766666666667263,7.335019004289924,62,1654.6,node2
1678993418.505,67.61250000000018,42.859120082278125,114.8,1570.2,node1
1678993419.024,4.729166666666046,7.3594601371455655,62,1652.6,node2
1678993419.042,67.61250000000018,42.859120082278125,114.8,1570.2,node1
1678993419.563,4.729166666666046,7.3594601371455655,62,1652.6,node2
1678993419.582,67.61250000000018,42.859120082278125,114.8,1570.2,node1
1678993420.1,4.729166666666046,7.3594601371455655,62,1652.6,node2
1678993420.119,67.61250000000018,42.859120082278125,114.8,1570.2,node1
1678993420.638,4.729166666666046,7.3594601371455655,62,1652.6,node2
1678993420.656,67.61250000000018,42.859120082278125,114.8,1570.2,node1
1678993421.175,4.729166666666046,7.3594601371455655,62,1652.6,node2
1678993421.192,67.61250000000018,42.859120082278125,114.8,1570.2,node1
1678993421.71,4.729166666666046,7.3594601371455655,62,1652.6,node2
1678993421.726,67.61250000000018,42.859120082278125,114.8,1570.2,node1
1678993422.242,4.729166666666046,7.3594601371455655,62,1652.6,node2
1678993422.26,67.73124999999936,42.873383081548326,114.8,1567.7,node1
1678993422.776,4.729166666666046,7.3594601371455655,62,1652.6,node2
1678993422.791,67.73124999999936,42.873383081548326,114.8,1567.7,node1
1678993423.311,4.729166666666046,7.3594601371455655,62,1652.6,node2
1678993423.333,67.73124999999936,42.873383081548326,114.8,1567.7,node1
1678993423.857,4.729166666666046,7.3594601371455655,62,1652.6,node2
1678993423.875,67.73124999999936,42.873383081548326,114.8,1567.7,node1
1678993424.42,4.729166666666046,7.3594601371455655,62,1652.6,node2
1678993424.435,67.73124999999936,42.873383081548326,114.8,1567.7,node1
1678993424.954,4.729166666666046,7.3594601371455655,62,1652.6,node2
1678993424.97,67.73124999999936,42.873383081548326,114.8,1567.7,node1
1678993425.489,4.729166666666046,7.3594601371455655,62,1652.6,node2
1678993425.505,67.73124999999936,42.873383081548326,114.8,1567.7,node1
1678993426.022,4.729166666666046,7.3594601371455655,62,1652.6,node2
1678993426.04,67.73124999999936,42.873383081548326,114.8,1567.7,node1
1678993426.556,4.729166666666046,7.3594601371455655,62,1652.6,node2
1678993426.572,67.73124999999936,42.873383081548326,114.8,1567.7,node1
1678993427.088,4.729166666666046,7.3594601371455655,62,1652.6,node2
1678993427.104,67.73124999999936,42.873383081548326,114.8,1567.7,node1
1678993427.621,4.729166666666046,7.3594601371455655,62,1652.6,node2
1678993427.639,67.73124999999936,42.873383081548326,114.8,1567.7,node1
1678993428.156,4.729166666666046,7.3594601371455655,62,1652.6,node2
1678993428.172,67.73124999999936,42.873383081548326,114.8,1567.7,node1
1678993428.69,4.3916666666666515,7.34381147958727,62,1652.1,node2
1678993428.712,67.73124999999936,42.873383081548326,114.8,1567.7,node1
1678993429.228,4.3916666666666515,7.34381147958727,62,1652.1,node2
1678993429.244,67.73124999999936,42.873383081548326,114.8,1567.7,node1
1678993429.76,4.3916666666666515,7.34381147958727,62,1652.1,node2
1678993429.777,67.73124999999936,42.873383081548326,114.8,1567.7,node1
1678993430.295,4.3916666666666515,7.34381147958727,62,1652.1,node2
1678993430.318,67.73124999999936,42.873383081548326,114.8,1567.7,node1
1678993430.844,4.3916666666666515,7.34381147958727,62,1652.1,node2
1678993430.874,67.73124999999936,42.873383081548326,114.8,1567.7,node1
1678993431.399,4.3916666666666515,7.34381147958727,62,1652.1,node2
1678993431.418,67.73124999999936,42.873383081548326,114.8,1567.7,node1
1678993431.974,4.3916666666666515,7.34381147958727,62,1652.1,node2
1678993431.991,67.73124999999936,42.873383081548326,114.8,1567.7,node1
1678993432.51,4.3916666666666515,7.34381147958727,62,1652.1,node2
1678993432.528,67.66875000000255,42.87708549773519,114.8,1565.3,node1
1678993433.045,4.3916666666666515,7.34381147958727,62,1652.1,node2
1678993433.064,67.66875000000255,42.87708549773519,114.8,1565.3,node1
1678993433.581,4.3916666666666515,7.34381147958727,62,1652.1,node2
1678993433.596,67.66875000000255,42.87708549773519,114.8,1565.3,node1
1678993434.112,4.3916666666666515,7.34381147958727,62,1652.1,node2
1678993434.128,67.66875000000255,42.87708549773519,114.8,1565.3,node1
1678993434.646,4.3916666666666515,7.34381147958727,62,1652.1,node2
1678993434.661,67.66875000000255,42.87708549773519,114.8,1565.3,node1
1678993435.179,4.3916666666666515,7.34381147958727,62,1652.1,node2
1678993435.195,67.66875000000255,42.87708549773519,114.8,1565.3,node1
1678993435.712,4.3916666666666515,7.34381147958727,62,1652.1,node2
1678993435.727,67.66875000000255,42.87708549773519,114.8,1565.3,node1
1678993436.243,4.3916666666666515,7.34381147958727,62,1652.1,node2
1678993436.26,67.66875000000255,42.87708549773519,114.8,1565.3,node1
1678993436.776,4.3916666666666515,7.34381147958727,62,1652.1,node2
1678993436.792,67.66875000000255,42.87708549773519,114.8,1565.3,node1
1678993437.31,4.3916666666666515,7.34381147958727,62,1652.1,node2
1678993437.327,67.66875000000255,42.87708549773519,114.8,1565.3,node1
1678993437.845,4.3916666666666515,7.34381147958727,62,1652.1,node2
1678993437.87,67.66875000000255,42.87708549773519,114.8,1565.3,node1
1678993438.397,4.3916666666666515,7.34381147958727,62,1652.1,node2
1678993438.431,67.66875000000255,42.87708549773519,114.8,1565.3,node1
1678993438.958,4.587499999999324,7.326530977583206,62,1651.5,node2
1678993438.976,67.66875000000255,42.87708549773519,114.8,1565.3,node1
1678993439.518,4.587499999999324,7.326530977583206,62,1651.5,node2
1678993439.534,67.66875000000255,42.87708549773519,114.8,1565.3,node1
1678993440.051,4.587499999999324,7.326530977583206,62,1651.5,node2
1678993440.068,67.66875000000255,42.87708549773519,114.8,1565.3,node1
1678993440.585,4.587499999999324,7.326530977583206,62,1651.5,node2
1678993440.603,67.66875000000255,42.87708549773519,114.8,1565.3,node1
1678993441.12,4.587499999999324,7.326530977583206,62,1651.5,node2
1678993441.138,67.66875000000255,42.87708549773519,114.8,1565.3,node1
1678993441.655,4.587499999999324,7.326530977583206,62,1651.5,node2
1678993441.672,67.66875000000255,42.87708549773519,114.8,1565.3,node1
1678993442.189,4.587499999999324,7.326530977583206,62,1651.5,node2
1678993442.206,77.98749999999927,43.1588915512602,114.8,1568.4,node1
1678993442.722,4.587499999999324,7.326530977583206,62,1651.5,node2
1678993442.747,77.98749999999927,43.1588915512602,114.8,1568.4,node1
1678993443.264,4.587499999999324,7.326530977583206,62,1651.5,node2
1678993443.281,77.98749999999927,43.1588915512602,114.8,1568.4,node1
1678993443.797,4.587499999999324,7.326530977583206,62,1651.5,node2
1678993443.812,77.98749999999927,43.1588915512602,114.8,1568.4,node1
1678993444.329,4.587499999999324,7.326530977583206,62,1651.5,node2
1678993444.344,77.98749999999927,43.1588915512602,114.8,1568.4,node1
1678993444.861,4.587499999999324,7.326530977583206,62,1651.5,node2
1678993444.878,77.98749999999927,43.1588915512602,114.8,1568.4,node1
1678993445.398,4.587499999999324,7.326530977583206,62,1651.5,node2
1678993445.421,77.98749999999927,43.1588915512602,114.8,1568.4,node1
1678993445.946,4.587499999999324,7.326530977583206,62,1651.5,node2
1678993445.986,77.98749999999927,43.1588915512602,114.8,1568.4,node1
1678993446.509,4.587499999999324,7.326530977583206,62,1651.5,node2
1678993446.525,77.98749999999927,43.1588915512602,114.8,1568.4,node1
1678993447.044,4.587499999999324,7.326530977583206,62,1651.5,node2
1678993447.062,77.98749999999927,43.1588915512602,114.8,1568.4,node1
1678993447.581,4.587499999999324,7.326530977583206,62,1651.5,node2
1678993447.599,77.98749999999927,43.1588915512602,114.8,1568.4,node1
1678993448.117,4.587499999999324,7.326530977583206,62,1651.5,node2
1678993448.133,77.98749999999927,43.1588915512602,114.8,1568.4,node1
1678993448.65,4.437500000000242,7.329819022361993,62,1649.8,node2
1678993448.666,77.98749999999927,43.1588915512602,114.8,1568.4,node1
1678993449.183,4.437500000000242,7.329819022361993,62,1649.8,node2
1678993449.2,77.98749999999927,43.1588915512602,114.8,1568.4,node1
1678993449.717,4.437500000000242,7.329819022361993,62,1649.8,node2
1678993449.735,77.98749999999927,43.1588915512602,114.8,1568.4,node1
1678993450.252,4.437500000000242,7.329819022361993,62,1649.8,node2
1678993450.27,77.98749999999927,43.1588915512602,114.8,1568.4,node1
1678993450.787,4.437500000000242,7.329819022361993,62,1649.8,node2
1678993450.804,77.98749999999927,43.1588915512602,114.8,1568.4,node1
1678993451.323,4.437500000000242,7.329819022361993,62,1649.8,node2
1678993451.344,77.98749999999927,43.1588915512602,114.8,1568.4,node1
1678993451.862,4.437500000000242,7.329819022361993,62,1649.8,node2
1678993451.879,77.98749999999927,43.1588915512602,114.8,1568.4,node1
1678993452.397,4.437500000000242,7.329819022361993,62,1649.8,node2
1678993452.418,67.512499999998,43.16671880695726,119,1570.7,node1
1678993452.943,4.437500000000242,7.329819022361993,62,1649.8,node2
1678993452.966,67.512499999998,43.16671880695726,119,1570.7,node1
1678993453.49,4.437500000000242,7.329819022361993,62,1649.8,node2
1678993453.528,67.512499999998,43.16671880695726,119,1570.7,node1
1678993454.077,4.437500000000242,7.329819022361993,62,1649.8,node2
1678993454.092,67.512499999998,43.16671880695726,119,1570.7,node1
1678993454.608,4.437500000000242,7.329819022361993,62,1649.8,node2
1678993454.624,67.512499999998,43.16671880695726,119,1570.7,node1
1678993455.141,4.437500000000242,7.329819022361993,62,1649.8,node2
1678993455.158,67.512499999998,43.16671880695726,119,1570.7,node1
1678993455.674,4.437500000000242,7.329819022361993,62,1649.8,node2
1678993455.691,67.512499999998,43.16671880695726,119,1570.7,node1
1678993456.209,4.437500000000242,7.329819022361993,62,1649.8,node2
1678993456.226,67.512499999998,43.16671880695726,119,1570.7,node1
1678993456.742,4.437500000000242,7.329819022361993,62,1649.8,node2
1678993456.759,67.512499999998,43.16671880695726,119,1570.7,node1
1678993457.275,4.437500000000242,7.329819022361993,62,1649.8,node2
1678993457.293,67.512499999998,43.16671880695726,119,1570.7,node1
1678993457.809,4.437500000000242,7.329819022361993,62,1649.8,node2
1678993457.826,67.512499999998,43.16671880695726,119,1570.7,node1
1678993458.342,4.437500000000242,7.329819022361993,62,1649.8,node2
1678993458.358,67.512499999998,43.16671880695726,119,1570.7,node1
1678993458.875,5.125000000000085,7.320746454361268,62,1648.3,node2
1678993458.892,67.512499999998,43.16671880695726,119,1570.7,node1
1678993459.409,5.125000000000085,7.320746454361268,62,1648.3,node2
1678993459.425,67.512499999998,43.16671880695726,119,1570.7,node1
1678993459.942,5.125000000000085,7.320746454361268,62,1648.3,node2
1678993459.965,67.512499999998,43.16671880695726,119,1570.7,node1
1678993460.486,5.125000000000085,7.320746454361268,62,1648.3,node2
1678993460.516,67.512499999998,43.16671880695726,119,1570.7,node1
1678993461.042,5.125000000000085,7.320746454361268,62,1648.3,node2
1678993461.065,67.512499999998,43.16671880695726,119,1570.7,node1
1678993461.609,5.125000000000085,7.320746454361268,62,1648.3,node2
1678993461.625,67.512499999998,43.16671880695726,119,1570.7,node1
1678993462.142,5.125000000000085,7.320746454361268,62,1648.3,node2
1678993462.159,67.63749999999845,43.13918674564823,114.8,1565.6,node1
1678993462.676,5.125000000000085,7.320746454361268,62,1648.3,node2
1678993462.692,67.63749999999845,43.13918674564823,114.8,1565.6,node1
1678993463.209,5.125000000000085,7.320746454361268,62,1648.3,node2
1678993463.225,67.63749999999845,43.13918674564823,114.8,1565.6,node1
1678993463.742,5.125000000000085,7.320746454361268,62,1648.3,node2
1678993463.758,67.63749999999845,43.13918674564823,114.8,1565.6,node1
1678993464.275,5.125000000000085,7.320746454361268,62,1648.3,node2
1678993464.292,67.63749999999845,43.13918674564823,114.8,1565.6,node1
1678993464.808,5.125000000000085,7.320746454361268,62,1648.3,node2
1678993464.824,67.63749999999845,43.13918674564823,114.8,1565.6,node1
1678993465.346,5.125000000000085,7.320746454361268,62,1648.3,node2
1678993465.364,67.63749999999845,43.13918674564823,114.8,1565.6,node1
1678993465.889,5.125000000000085,7.320746454361268,62,1648.3,node2
1678993465.906,67.63749999999845,43.13918674564823,114.8,1565.6,node1
1678993466.424,5.125000000000085,7.320746454361268,62,1648.3,node2
1678993466.44,67.63749999999845,43.13918674564823,114.8,1565.6,node1
1678993466.955,5.125000000000085,7.320746454361268,62,1648.3,node2
1678993466.971,67.63749999999845,43.13918674564823,114.8,1565.6,node1
1678993467.486,5.125000000000085,7.320746454361268,62,1648.3,node2
1678993467.509,67.63749999999845,43.13918674564823,114.8,1565.6,node1
1678993468.033,5.125000000000085,7.320746454361268,62,1648.3,node2
1678993468.052,67.63749999999845,43.13918674564823,114.8,1565.6,node1
1678993468.596,4.479166666667055,7.326518799639582,62,1650.2,node2
1678993468.611,67.63749999999845,43.13918674564823,114.8,1565.6,node1
1678993469.128,4.479166666667055,7.326518799639582,62,1650.2,node2
1678993469.144,67.63749999999845,43.13918674564823,114.8,1565.6,node1
1678993469.661,4.479166666667055,7.326518799639582,62,1650.2,node2
1678993469.677,67.63749999999845,43.13918674564823,114.8,1565.6,node1
1678993470.196,4.479166666667055,7.326518799639582,62,1650.2,node2
1678993470.216,67.63749999999845,43.13918674564823,114.8,1565.6,node1
1678993470.732,4.479166666667055,7.326518799639582,62,1650.2,node2
1678993470.748,67.63749999999845,43.13918674564823,114.8,1565.6,node1
1678993471.265,4.479166666667055,7.326518799639582,62,1650.2,node2
1678993471.283,67.63749999999845,43.13918674564823,114.8,1565.6,node1
1678993471.8,4.479166666667055,7.326518799639582,62,1650.2,node2
1678993471.816,67.63749999999845,43.13918674564823,114.8,1565.6,node1
1678993472.334,4.479166666667055,7.326518799639582,62,1650.2,node2
1678993472.356,67.13125000000218,43.00396158531994,136.1,1567.6,node1
1678993472.875,4.479166666667055,7.326518799639582,62,1650.2,node2
1678993472.894,67.13125000000218,43.00396158531994,136.1,1567.6,node1
1678993473.425,4.479166666667055,7.326518799639582,62,1650.2,node2
1678993473.444,67.13125000000218,43.00396158531994,136.1,1567.6,node1
1678993473.961,4.479166666667055,7.326518799639582,62,1650.2,node2
1678993473.978,67.13125000000218,43.00396158531994,136.1,1567.6,node1
1678993474.497,4.479166666667055,7.326518799639582,62,1650.2,node2
1678993474.521,67.13125000000218,43.00396158531994,136.1,1567.6,node1
1678993475.045,4.479166666667055,7.326518799639582,62,1650.2,node2
1678993475.083,67.13125000000218,43.00396158531994,136.1,1567.6,node1
1678993475.61,4.479166666667055,7.326518799639582,62,1650.2,node2
1678993475.629,67.13125000000218,43.00396158531994,136.1,1567.6,node1
1678993476.171,4.479166666667055,7.326518799639582,62,1650.2,node2
1678993476.188,67.13125000000218,43.00396158531994,136.1,1567.6,node1
1678993476.706,4.479166666667055,7.326518799639582,62,1650.2,node2
1678993476.724,67.13125000000218,43.00396158531994,136.1,1567.6,node1
1678993477.256,4.479166666667055,7.326518799639582,62,1650.2,node2
1678993477.272,67.13125000000218,43.00396158531994,136.1,1567.6,node1
1678993477.789,4.479166666667055,7.326518799639582,62,1650.2,node2
1678993477.806,67.13125000000218,43.00396158531994,136.1,1567.6,node1
1678993478.323,4.479166666667055,7.326518799639582,62,1650.2,node2
1678993478.341,67.13125000000218,43.00396158531994,136.1,1567.6,node1
1678993478.859,4.574999999999818,7.31849353479062,62,1647.2,node2
1678993478.877,67.13125000000218,43.00396158531994,136.1,1567.6,node1
1678993479.394,4.574999999999818,7.31849353479062,62,1647.2,node2
1678993479.41,67.13125000000218,43.00396158531994,136.1,1567.6,node1
1678993479.925,4.574999999999818,7.31849353479062,62,1647.2,node2
1678993479.94,67.13125000000218,43.00396158531994,136.1,1567.6,node1
1678993480.457,4.574999999999818,7.31849353479062,62,1647.2,node2
1678993480.472,67.13125000000218,43.00396158531994,136.1,1567.6,node1
1678993480.989,4.574999999999818,7.31849353479062,62,1647.2,node2
1678993481.005,67.13125000000218,43.00396158531994,136.1,1567.6,node1
1678993481.521,4.574999999999818,7.31849353479062,62,1647.2,node2
1678993481.536,67.13125000000218,43.00396158531994,136.1,1567.6,node1
1678993482.052,4.574999999999818,7.31849353479062,62,1647.2,node2
1678993482.077,67.13125000000218,43.035046972231136,178.7,1568.7,node1
1678993482.598,4.574999999999818,7.31849353479062,62,1647.2,node2
1678993482.631,67.41874999999709,43.035046972231136,178.7,1568.7,node1
1678993483.157,4.574999999999818,7.31849353479062,62,1647.2,node2
1678993483.173,67.41874999999709,43.035046972231136,178.7,1568.7,node1
1678993483.688,4.574999999999818,7.31849353479062,62,1647.2,node2
1678993483.704,67.41874999999709,43.035046972231136,178.7,1568.7,node1
1678993484.22,4.574999999999818,7.31849353479062,62,1647.2,node2
1678993484.236,67.41874999999709,43.035046972231136,178.7,1568.7,node1
1678993484.752,4.574999999999818,7.31849353479062,62,1647.2,node2
1678993484.767,67.41874999999709,43.035046972231136,178.7,1568.7,node1
1678993485.287,4.574999999999818,7.31849353479062,62,1647.2,node2
1678993485.304,67.41874999999709,43.035046972231136,178.7,1568.7,node1
1678993485.822,4.574999999999818,7.31849353479062,62,1647.2,node2
1678993485.837,67.41874999999709,43.035046972231136,178.7,1568.7,node1
1678993486.354,4.574999999999818,7.31849353479062,62,1647.2,node2
1678993486.37,67.41874999999709,43.035046972231136,178.7,1568.7,node1
1678993486.886,4.574999999999818,7.31849353479062,62,1647.2,node2
1678993486.904,67.41874999999709,43.035046972231136,178.7,1568.7,node1
1678993487.422,4.574999999999818,7.31849353479062,62,1647.2,node2
1678993487.439,67.41874999999709,43.035046972231136,178.7,1568.7,node1
1678993487.955,4.574999999999818,7.31849353479062,62,1647.2,node2
1678993487.97,67.41874999999709,43.035046972231136,178.7,1568.7,node1
1678993488.486,4.574999999999818,7.31849353479062,62,1653.1,node2
1678993488.501,67.41874999999709,43.035046972231136,178.7,1568.7,node1
1678993489.019,4.650000000000304,7.317884637609362,62,1653.1,node2
1678993489.042,67.41874999999709,43.035046972231136,178.7,1568.7,node1
1678993489.563,4.650000000000304,7.317884637609362,62,1653.1,node2
1678993489.58,67.41874999999709,43.035046972231136,178.7,1568.7,node1
1678993490.103,4.650000000000304,7.317884637609362,62,1653.1,node2
1678993490.119,67.41874999999709,43.035046972231136,178.7,1568.7,node1
1678993490.638,4.650000000000304,7.317884637609362,62,1653.1,node2
1678993490.655,67.41874999999709,43.035046972231136,178.7,1568.7,node1
1678993491.173,4.650000000000304,7.317884637609362,62,1653.1,node2
1678993491.191,67.41874999999709,43.035046972231136,178.7,1568.7,node1
1678993491.709,4.650000000000304,7.317884637609362,62,1653.1,node2
1678993491.728,67.41874999999709,43.035046972231136,178.7,1568.7,node1
1678993492.246,4.650000000000304,7.317884637609362,62,1653.1,node2
1678993492.265,67.23750000000337,42.981076180567584,114.8,1566.2,node1
1678993492.783,4.650000000000304,7.317884637609362,62,1653.1,node2
1678993492.8,67.23750000000337,42.981076180567584,114.8,1566.2,node1
1678993493.317,4.650000000000304,7.317884637609362,62,1653.1,node2
1678993493.334,67.23750000000337,42.981076180567584,114.8,1566.2,node1
1678993493.852,4.650000000000304,7.317884637609362,62,1653.1,node2
1678993493.869,67.23750000000337,42.981076180567584,114.8,1566.2,node1
1678993494.388,4.650000000000304,7.317884637609362,62,1653.1,node2
1678993494.405,67.23750000000337,42.981076180567584,114.8,1566.2,node1
1678993494.924,4.650000000000304,7.317884637609362,62,1653.1,node2
1678993494.941,67.23750000000337,42.981076180567584,114.8,1566.2,node1
1678993495.464,4.650000000000304,7.317884637609362,62,1653.1,node2
1678993495.486,67.23750000000337,42.981076180567584,114.8,1566.2,node1
1678993496.02,4.650000000000304,7.317884637609362,62,1653.1,node2
1678993496.056,67.23750000000337,42.981076180567584,114.8,1566.2,node1
1678993496.589,4.650000000000304,7.317884637609362,62,1653.1,node2
1678993496.606,67.23750000000337,42.981076180567584,114.8,1566.2,node1
1678993497.125,4.650000000000304,7.317884637609362,62,1653.1,node2
1678993497.142,67.23750000000337,42.981076180567584,114.8,1566.2,node1
1678993497.659,4.650000000000304,7.317884637609362,62,1653.1,node2
1678993497.696,67.23750000000337,42.981076180567584,114.8,1566.2,node1
1678993498.218,4.650000000000304,7.317884637609362,62,1653.1,node2
1678993498.234,67.23750000000337,42.981076180567584,114.8,1566.2,node1
1678993498.751,4.704166666667035,7.300336220845546,62,1650,node2
1678993498.767,67.23750000000337,42.981076180567584,114.8,1566.2,node1
1678993499.283,4.704166666667035,7.300336220845546,62,1650,node2
1678993499.299,67.23750000000337,42.981076180567584,114.8,1566.2,node1
1678993499.815,4.704166666667035,7.300336220845546,62,1650,node2
1678993499.831,67.23750000000337,42.981076180567584,114.8,1566.2,node1
1678993500.348,4.704166666667035,7.300336220845546,62,1650,node2
1678993500.365,67.23750000000337,42.981076180567584,114.8,1566.2,node1
1678993500.882,4.704166666667035,7.300336220845546,62,1650,node2
1678993500.902,67.23750000000337,42.981076180567584,114.8,1566.2,node1
1678993501.419,4.704166666667035,7.300336220845546,62,1650,node2
1678993501.435,67.23750000000337,42.981076180567584,114.8,1566.2,node1
1678993501.952,4.704166666667035,7.300336220845546,62,1650,node2
1678993501.967,67.23750000000337,42.981076180567584,114.8,1566.2,node1
1678993502.484,4.704166666667035,7.300336220845546,62,1650,node2
1678993502.503,67.30000000000018,43.00714218446034,119,1574.5,node1
1678993503.021,4.704166666667035,7.300336220845546,62,1650,node2
1678993503.048,67.30000000000018,43.00714218446034,119,1574.5,node1
1678993503.574,4.704166666667035,7.300336220845546,62,1650,node2
1678993503.611,67.30000000000018,43.00714218446034,119,1574.5,node1
1678993504.136,4.704166666667035,7.300336220845546,62,1650,node2
1678993504.152,67.30000000000018,43.00714218446034,119,1574.5,node1
1678993504.669,4.704166666667035,7.300336220845546,62,1650,node2
1678993504.686,67.30000000000018,43.00714218446034,119,1574.5,node1
1678993505.205,4.704166666667035,7.300336220845546,62,1650,node2
1678993505.22,67.30000000000018,43.00714218446034,119,1574.5,node1
1678993505.739,4.704166666667035,7.300336220845546,62,1650,node2
1678993505.755,67.30000000000018,43.00714218446034,119,1574.5,node1
1678993506.272,4.704166666667035,7.300336220845546,62,1650,node2
1678993506.289,67.30000000000018,43.00714218446034,119,1574.5,node1
1678993506.806,4.704166666667035,7.300336220845546,62,1650,node2
1678993506.822,67.30000000000018,43.00714218446034,119,1574.5,node1
1678993507.338,4.704166666667035,7.300336220845546,62,1650,node2
1678993507.353,67.30000000000018,43.00714218446034,119,1574.5,node1
1678993507.869,4.704166666667035,7.300336220845546,62,1650,node2
1678993507.884,67.30000000000018,43.00714218446034,119,1574.5,node1
1678993508.4,4.704166666667035,7.300336220845546,62,1650,node2
1678993508.416,67.30000000000018,43.00714218446034,119,1574.5,node1
1678993508.931,4.895833333332561,7.317275740428106,62,1650.5,node2
1678993508.948,67.30000000000018,43.00714218446034,119,1574.5,node1
1678993509.465,4.895833333332561,7.317275740428106,62,1650.5,node2
1678993509.484,67.30000000000018,43.00714218446034,119,1574.5,node1
1678993510.005,4.895833333332561,7.317275740428106,62,1650.5,node2
1678993510.042,67.30000000000018,43.00714218446034,119,1574.5,node1
1678993510.568,4.895833333332561,7.317275740428106,62,1650.5,node2
1678993510.585,67.30000000000018,43.00714218446034,119,1574.5,node1
1678993511.134,4.895833333332561,7.317275740428106,62,1650.5,node2
1678993511.151,67.30000000000018,43.00714218446034,119,1574.5,node1
1678993511.668,4.895833333332561,7.317275740428106,62,1650.5,node2
1678993511.686,67.30000000000018,43.00714218446034,119,1574.5,node1
1678993512.203,4.895833333332561,7.317275740428106,62,1650.5,node2
1678993512.22,66.77499999999782,43.03373000539956,108.2,1568.6,node1
1678993512.738,4.895833333332561,7.317275740428106,62,1650.5,node2
1678993512.757,66.77499999999782,43.03373000539956,108.2,1568.6,node1
1678993513.275,4.895833333332561,7.317275740428106,62,1650.5,node2
1678993513.292,66.77499999999782,43.03373000539956,108.2,1568.6,node1
1678993513.811,4.895833333332561,7.317275740428106,62,1650.5,node2
1678993513.829,66.77499999999782,43.03373000539956,108.2,1568.6,node1
1678993514.347,4.895833333332561,7.317275740428106,62,1650.5,node2
1678993514.365,66.77499999999782,43.03373000539956,108.2,1568.6,node1
1678993514.883,4.895833333332561,7.317275740428106,62,1650.5,node2
1678993514.901,66.77499999999782,43.03373000539956,108.2,1568.6,node1
1678993515.42,4.895833333332561,7.317275740428106,62,1650.5,node2
1678993515.437,66.77499999999782,43.03373000539956,108.2,1568.6,node1
1678993515.955,4.895833333332561,7.317275740428106,62,1650.5,node2
1678993515.973,66.77499999999782,43.03373000539956,108.2,1568.6,node1
1678993516.493,4.895833333332561,7.317275740428106,62,1650.5,node2
1678993516.511,66.77499999999782,43.03373000539956,108.2,1568.6,node1
1678993517.03,4.895833333332561,7.317275740428106,62,1650.5,node2
1678993517.052,66.77499999999782,43.03373000539956,108.2,1568.6,node1
1678993517.576,4.895833333332561,7.317275740428106,62,1650.5,node2
1678993517.594,66.77499999999782,43.03373000539956,108.2,1568.6,node1
1678993518.138,4.895833333332561,7.317275740428106,62,1650.5,node2
1678993518.159,66.77499999999782,43.03373000539956,108.2,1568.6,node1
1678993518.676,4.704166666667788,7.309932440422151,62,1651,node2
1678993518.691,66.77499999999782,43.03373000539956,108.2,1568.6,node1
1678993519.208,4.704166666667788,7.309932440422151,62,1651,node2
1678993519.224,66.77499999999782,43.03373000539956,108.2,1568.6,node1
1678993519.74,4.704166666667788,7.309932440422151,62,1651,node2
1678993519.755,66.77499999999782,43.03373000539956,108.2,1568.6,node1
1678993520.27,4.704166666667788,7.309932440422151,62,1651,node2
1678993520.287,66.77499999999782,43.03373000539956,108.2,1568.6,node1
1678993520.803,4.704166666667788,7.309932440422151,62,1651,node2
1678993520.818,66.77499999999782,43.03373000539956,108.2,1568.6,node1
1678993521.334,4.704166666667788,7.309932440422151,62,1651,node2
1678993521.35,66.77499999999782,43.03373000539956,108.2,1568.6,node1
1678993521.865,4.704166666667788,7.309932440422151,62,1651,node2
1678993521.88,66.77499999999782,43.03373000539956,108.2,1568.6,node1
1678993522.396,4.704166666667788,7.309932440422151,62,1651,node2
1678993522.415,66.78124999999909,43.00468218981269,114.8,1565,node1
1678993522.935,4.704166666667788,7.309932440422151,62,1651,node2
1678993522.955,66.78124999999909,43.00468218981269,114.8,1565,node1
1678993523.474,4.704166666667788,7.309932440422151,62,1651,node2
1678993523.494,66.78124999999909,43.00468218981269,114.8,1565,node1
1678993524.014,4.704166666667788,7.309932440422151,62,1651,node2
1678993524.043,66.78124999999909,43.00468218981269,114.8,1565,node1
1678993524.567,4.704166666667788,7.309932440422151,62,1651,node2
1678993524.611,66.78124999999909,43.00468218981269,114.8,1565,node1
1678993525.14,4.704166666667788,7.309932440422151,62,1651,node2
1678993525.157,66.78124999999909,43.00468218981269,114.8,1565,node1
1678993525.698,4.704166666667788,7.309932440422151,62,1651,node2
1678993525.721,66.78124999999909,43.00468218981269,114.8,1565,node1
1678993526.242,4.704166666667788,7.309932440422151,62,1651,node2
1678993526.258,66.78124999999909,43.00468218981269,114.8,1565,node1
1678993526.776,4.704166666667788,7.309932440422151,62,1651,node2
1678993526.794,66.78124999999909,43.00468218981269,114.8,1565,node1
1678993527.313,4.704166666667788,7.309932440422151,62,1651,node2
1678993527.33,66.78124999999909,43.00468218981269,114.8,1565,node1
1678993527.847,4.704166666667788,7.309932440422151,62,1651,node2
1678993527.863,66.78124999999909,43.00468218981269,114.8,1565,node1
1678993528.382,4.704166666667788,7.309932440422151,62,1651,node2
1678993528.4,66.78124999999909,43.00468218981269,114.8,1565,node1
1678993528.918,4.637499999999278,7.3048298820432205,62,1649.3,node2
1678993528.936,66.78124999999909,43.00468218981269,114.8,1565,node1
1678993529.455,4.637499999999278,7.3048298820432205,62,1649.3,node2
1678993529.505,66.78124999999909,43.00468218981269,114.8,1565,node1
1678993530.022,4.637499999999278,7.3048298820432205,62,1649.3,node2
1678993530.038,66.78124999999909,43.00468218981269,114.8,1565,node1
1678993530.556,4.637499999999278,7.3048298820432205,62,1649.3,node2
1678993530.572,66.78124999999909,43.00468218981269,114.8,1565,node1
1678993531.088,4.637499999999278,7.3048298820432205,62,1649.3,node2
1678993531.104,66.78124999999909,43.00468218981269,114.8,1565,node1
1678993531.621,4.637499999999278,7.3048298820432205,62,1649.3,node2
1678993531.644,66.78124999999909,43.00468218981269,114.8,1565,node1
1678993532.166,4.637499999999278,7.3048298820432205,62,1649.3,node2
1678993532.212,66.64375000000291,43.01993912631426,114.8,1565.1,node1
1678993532.735,4.637499999999278,7.3048298820432205,62,1649.3,node2
1678993532.752,66.64375000000291,43.01993912631426,114.8,1565.1,node1
1678993533.291,4.637499999999278,7.3048298820432205,62,1649.3,node2
1678993533.307,66.64375000000291,43.01993912631426,114.8,1565.1,node1
1678993533.824,4.637499999999278,7.3048298820432205,62,1649.3,node2
1678993533.84,66.64375000000291,43.01993912631426,114.8,1565.1,node1
1678993534.356,4.637499999999278,7.3048298820432205,62,1649.3,node2
1678993534.373,66.64375000000291,43.01993912631426,114.8,1565.1,node1
1678993534.89,4.637499999999278,7.3048298820432205,62,1649.3,node2
1678993534.906,66.64375000000291,43.01993912631426,114.8,1565.1,node1
1678993535.423,4.637499999999278,7.3048298820432205,62,1649.3,node2
1678993535.441,66.64375000000291,43.01993912631426,114.8,1565.1,node1
1678993535.957,4.637499999999278,7.3048298820432205,62,1649.3,node2
1678993535.974,66.64375000000291,43.01993912631426,114.8,1565.1,node1
1678993536.491,4.637499999999278,7.3048298820432205,62,1649.3,node2
1678993536.508,66.64375000000291,43.01993912631426,114.8,1565.1,node1
1678993537.025,4.637499999999278,7.3048298820432205,62,1649.3,node2
1678993537.041,66.64375000000291,43.01993912631426,114.8,1565.1,node1
1678993537.557,4.637499999999278,7.3048298820432205,62,1649.3,node2
1678993537.574,66.64375000000291,43.01993912631426,114.8,1565.1,node1
1678993538.091,4.637499999999278,7.3048298820432205,62,1649.3,node2
1678993538.109,66.64375000000291,43.01993912631426,114.8,1565.1,node1
1678993538.627,4.887500000000202,7.323474313733298,62,1650.2,node2
1678993538.647,66.64375000000291,43.01993912631426,114.8,1565.1,node1
1678993539.173,4.887500000000202,7.323474313733298,62,1650.2,node2
1678993539.196,66.64375000000291,43.01993912631426,114.8,1565.1,node1
1678993539.722,4.887500000000202,7.323474313733298,62,1650.2,node2
1678993539.739,66.64375000000291,43.01993912631426,114.8,1565.1,node1
1678993540.28,4.887500000000202,7.323474313733298,62,1650.2,node2
1678993540.304,66.64375000000291,43.01993912631426,114.8,1565.1,node1
1678993540.825,4.887500000000202,7.323474313733298,62,1650.2,node2
1678993540.864,66.64375000000291,43.01993912631426,114.8,1565.1,node1
1678993541.386,4.887500000000202,7.323474313733298,62,1650.2,node2
1678993541.403,66.64375000000291,43.01993912631426,114.8,1565.1,node1
1678993541.92,4.887500000000202,7.323474313733298,62,1650.2,node2
1678993541.935,66.64375000000291,43.01993912631426,114.8,1565.1,node1
1678993542.452,4.887500000000202,7.323474313733298,62,1650.2,node2
1678993542.468,67.21874999999727,43.05122330067172,114.8,1565.3,node1
1678993542.985,4.887500000000202,7.323474313733298,62,1650.2,node2
1678993543,67.21874999999727,43.05122330067172,114.8,1565.3,node1
1678993543.516,4.887500000000202,7.323474313733298,62,1650.2,node2
1678993543.532,67.21874999999727,43.05122330067172,114.8,1565.3,node1
1678993544.048,4.887500000000202,7.323474313733298,62,1650.2,node2
1678993544.064,67.21874999999727,43.05122330067172,114.8,1565.3,node1
1678993544.58,4.887500000000202,7.323474313733298,62,1650.2,node2
1678993544.596,67.21874999999727,43.05122330067172,114.8,1565.3,node1
1678993545.113,4.887500000000202,7.323474313733298,62,1650.2,node2
1678993545.131,67.21874999999727,43.05122330067172,114.8,1565.3,node1
1678993545.647,4.887500000000202,7.323474313733298,62,1650.2,node2
1678993545.665,67.21874999999727,43.05122330067172,114.8,1565.3,node1
1678993546.181,4.887500000000202,7.323474313733298,62,1650.2,node2
1678993546.199,67.21874999999727,43.05122330067172,114.8,1565.3,node1
1678993546.721,4.887500000000202,7.323474313733298,62,1650.2,node2
1678993546.748,67.21874999999727,43.05122330067172,114.8,1565.3,node1
1678993547.272,4.887500000000202,7.323474313733298,62,1650.2,node2
1678993547.288,67.21874999999727,43.05122330067172,114.8,1565.3,node1
1678993547.827,4.887500000000202,7.323474313733298,62,1650.2,node2
1678993547.845,67.21874999999727,43.05122330067172,114.8,1565.3,node1
1678993548.363,4.887500000000202,7.323474313733298,62,1650.2,node2
1678993548.38,67.21874999999727,43.05122330067172,114.8,1565.3,node1
1678993548.897,4.379166666666762,7.298631308738028,62,1650.7,node2
1678993548.914,67.21874999999727,43.05122330067172,114.8,1565.3,node1
1678993549.431,4.379166666666762,7.298631308738028,62,1650.7,node2
1678993549.449,67.21874999999727,43.05122330067172,114.8,1565.3,node1
1678993549.967,4.379166666666762,7.298631308738028,62,1650.7,node2
1678993549.983,67.21874999999727,43.05122330067172,114.8,1565.3,node1
1678993550.502,4.379166666666762,7.298631308738028,62,1650.7,node2
1678993550.518,67.21874999999727,43.05122330067172,114.8,1565.3,node1
1678993551.036,4.379166666666762,7.298631308738028,62,1650.7,node2
1678993551.052,67.21874999999727,43.05122330067172,114.8,1565.3,node1
1678993551.568,4.379166666666762,7.298631308738028,62,1650.7,node2
1678993551.584,67.21874999999727,43.05122330067172,114.8,1565.3,node1
1678993552.1,4.379166666666762,7.298631308738028,62,1650.7,node2
1678993552.116,67.32500000000073,43.01936761240622,119,1572.8,node1
1678993552.632,4.379166666666762,7.298631308738028,62,1650.7,node2
1678993552.648,67.32500000000073,43.01936761240622,119,1572.8,node1
1678993553.164,4.379166666666762,7.298631308738028,62,1650.7,node2
1678993553.179,67.32500000000073,43.01936761240622,119,1572.8,node1
1678993553.695,4.379166666666762,7.298631308738028,62,1650.7,node2
1678993553.719,67.32500000000073,43.01936761240622,119,1572.8,node1
1678993554.244,4.379166666666762,7.298631308738028,62,1650.7,node2
1678993554.282,67.32500000000073,43.01936761240622,119,1572.8,node1
1678993554.809,4.379166666666762,7.298631308738028,62,1650.7,node2
1678993554.826,67.32500000000073,43.01936761240622,119,1572.8,node1
1678993555.343,4.379166666666762,7.298631308738028,62,1650.7,node2
1678993555.364,67.32500000000073,43.01936761240622,119,1572.8,node1
1678993555.88,4.379166666666762,7.298631308738028,62,1650.7,node2
1678993555.896,67.32500000000073,43.01936761240622,119,1572.8,node1
1678993556.413,4.379166666666762,7.298631308738028,62,1650.7,node2
1678993556.429,67.32500000000073,43.01936761240622,119,1572.8,node1
1678993556.944,4.379166666666762,7.298631308738028,62,1650.7,node2
1678993556.959,67.32500000000073,43.01936761240622,119,1572.8,node1
1678993557.475,4.379166666666762,7.298631308738028,62,1650.7,node2
1678993557.491,67.32500000000073,43.01936761240622,119,1572.8,node1
1678993558.007,4.379166666666762,7.298631308738028,62,1650.7,node2
1678993558.023,67.32500000000073,43.01936761240622,119,1572.8,node1
1678993558.54,4.629166666666151,7.313123061651935,62,1651.2,node2
1678993558.557,67.32500000000073,43.01936761240622,119,1572.8,node1
1678993559.073,4.629166666666151,7.313123061651935,62,1651.2,node2
1678993559.09,67.32500000000073,43.01936761240622,119,1572.8,node1
1678993559.607,4.629166666666151,7.313123061651935,62,1651.2,node2
1678993559.623,67.32500000000073,43.01936761240622,119,1572.8,node1
1678993560.14,4.629166666666151,7.313123061651935,62,1651.2,node2
1678993560.157,67.32500000000073,43.01936761240622,119,1572.8,node1
1678993560.673,4.629166666666151,7.313123061651935,62,1651.2,node2
1678993560.694,67.32500000000073,43.01936761240622,119,1572.8,node1
1678993561.217,4.629166666666151,7.313123061651935,62,1651.2,node2
1678993561.244,67.32500000000073,43.01936761240622,119,1572.8,node1
1678993561.768,4.629166666666151,7.313123061651935,62,1651.2,node2
1678993561.787,67.32500000000073,43.01936761240622,119,1572.8,node1
1678993562.327,4.629166666666151,7.313123061651935,62,1651.2,node2
1678993562.344,67.037499999999,43.02259790840819,114.8,1566.2,node1
1678993562.862,4.629166666666151,7.313123061651935,62,1651.2,node2
1678993562.884,67.037499999999,43.02259790840819,114.8,1566.2,node1
1678993563.429,4.629166666666151,7.313123061651935,62,1651.2,node2
1678993563.445,67.037499999999,43.02259790840819,114.8,1566.2,node1
1678993563.961,4.629166666666151,7.313123061651935,62,1651.2,node2
1678993563.977,67.037499999999,43.02259790840819,114.8,1566.2,node1
1678993564.495,4.629166666666151,7.313123061651935,62,1651.2,node2
1678993564.511,67.037499999999,43.02259790840819,114.8,1566.2,node1
1678993565.027,4.629166666666151,7.313123061651935,62,1651.2,node2
1678993565.043,67.037499999999,43.02259790840819,114.8,1566.2,node1
1678993565.562,4.629166666666151,7.313123061651935,62,1651.2,node2
1678993565.579,67.037499999999,43.02259790840819,114.8,1566.2,node1
1678993566.095,4.629166666666151,7.313123061651935,62,1651.2,node2
1678993566.11,67.037499999999,43.02259790840819,114.8,1566.2,node1
1678993566.626,4.629166666666151,7.313123061651935,62,1651.2,node2
1678993566.643,67.037499999999,43.02259790840819,114.8,1566.2,node1
1678993567.16,4.629166666666151,7.313123061651935,62,1651.2,node2
1678993567.176,67.037499999999,43.02259790840819,114.8,1566.2,node1
1678993567.691,4.629166666666151,7.313123061651935,62,1651.2,node2
1678993567.707,67.037499999999,43.02259790840819,114.8,1566.2,node1
1678993568.223,4.629166666666151,7.313123061651935,62,1651.2,node2
1678993568.244,67.037499999999,43.02259790840819,114.8,1566.2,node1
1678993568.766,4.64583333333394,7.306644395643365,62,1655.7,node2
1678993568.795,67.037499999999,43.02259790840819,114.8,1566.2,node1
1678993569.321,4.64583333333394,7.306644395643365,62,1655.7,node2
1678993569.338,67.037499999999,43.02259790840819,114.8,1566.2,node1
1678993569.885,4.64583333333394,7.306644395643365,62,1655.7,node2
1678993569.902,67.037499999999,43.02259790840819,114.8,1566.2,node1
1678993570.419,4.64583333333394,7.306644395643365,62,1655.7,node2
1678993570.436,67.037499999999,43.02259790840819,114.8,1566.2,node1
1678993570.954,4.64583333333394,7.306644395643365,62,1655.7,node2
1678993570.971,67.037499999999,43.02259790840819,114.8,1566.2,node1
1678993571.487,4.64583333333394,7.306644395643365,62,1655.7,node2
1678993571.503,67.037499999999,43.02259790840819,114.8,1566.2,node1
1678993572.02,4.64583333333394,7.306644395643365,62,1655.7,node2
1678993572.036,67.037499999999,43.02259790840819,114.8,1566.2,node1
1678993572.555,4.64583333333394,7.306644395643365,62,1655.7,node2
1678993572.571,67.26875000000518,43.05345965944232,114.8,1565.7,node1
1678993573.088,4.64583333333394,7.306644395643365,62,1655.7,node2
1678993573.104,67.26875000000518,43.05345965944232,114.8,1565.7,node1
1678993573.62,4.64583333333394,7.306644395643365,62,1655.7,node2
1678993573.636,67.26875000000518,43.05345965944232,114.8,1565.7,node1
1678993574.152,4.64583333333394,7.306644395643365,62,1655.7,node2
1678993574.168,67.26875000000518,43.05345965944232,114.8,1565.7,node1
1678993574.684,4.64583333333394,7.306644395643365,62,1655.7,node2
1678993574.701,67.26875000000518,43.05345965944232,114.8,1565.7,node1
1678993575.217,4.64583333333394,7.306644395643365,62,1655.7,node2
1678993575.234,67.26875000000518,43.05345965944232,114.8,1565.7,node1
1678993575.75,4.64583333333394,7.306644395643365,62,1655.7,node2
1678993575.773,67.26875000000518,43.05345965944232,114.8,1565.7,node1
1678993576.294,4.64583333333394,7.306644395643365,62,1655.7,node2
1678993576.339,67.26875000000518,43.05345965944232,114.8,1565.7,node1
1678993576.862,4.64583333333394,7.306644395643365,62,1655.7,node2
1678993576.878,67.26875000000518,43.05345965944232,114.8,1565.7,node1
1678993577.42,4.64583333333394,7.306644395643365,62,1655.7,node2
1678993577.439,67.26875000000518,43.05345965944232,114.8,1565.7,node1
1678993577.956,4.64583333333394,7.306644395643365,62,1655.7,node2
1678993577.972,67.26875000000518,43.05345965944232,114.8,1565.7,node1
1678993578.491,4.64583333333394,7.316057946065592,62,1651.1,node2
1678993578.509,67.26875000000518,43.05345965944232,114.8,1565.7,node1
1678993579.026,5.08333333333249,7.316057946065592,62,1651.1,node2
1678993579.044,67.26875000000518,43.05345965944232,114.8,1565.7,node1
1678993579.562,5.08333333333249,7.316057946065592,62,1651.1,node2
1678993579.579,67.26875000000518,43.05345965944232,114.8,1565.7,node1
1678993580.096,5.08333333333249,7.316057946065592,62,1651.1,node2
1678993580.112,67.26875000000518,43.05345965944232,114.8,1565.7,node1
1678993580.63,5.08333333333249,7.316057946065592,62,1651.1,node2
1678993580.646,67.26875000000518,43.05345965944232,114.8,1565.7,node1
1678993581.162,5.08333333333249,7.316057946065592,62,1651.1,node2
1678993581.177,67.26875000000518,43.05345965944232,114.8,1565.7,node1
1678993581.694,5.08333333333249,7.316057946065592,62,1651.1,node2
1678993581.71,67.26875000000518,43.05345965944232,114.8,1565.7,node1
1678993582.228,5.08333333333249,7.316057946065592,62,1651.1,node2
1678993582.244,67.51249999999573,43.16816001594275,114.8,1568.5,node1
1678993582.763,5.08333333333249,7.316057946065592,62,1651.1,node2
1678993582.788,67.51249999999573,43.16816001594275,114.8,1568.5,node1
1678993583.312,5.08333333333249,7.316057946065592,62,1651.1,node2
1678993583.354,67.51249999999573,43.16816001594275,114.8,1568.5,node1
1678993583.878,5.08333333333249,7.316057946065592,62,1651.1,node2
1678993583.894,67.51249999999573,43.16816001594275,114.8,1568.5,node1
1678993584.411,5.08333333333249,7.316057946065592,62,1651.1,node2
1678993584.428,67.51249999999573,43.16816001594275,114.8,1568.5,node1
1678993584.946,5.08333333333249,7.316057946065592,62,1651.1,node2
1678993584.962,67.51249999999573,43.16816001594275,114.8,1568.5,node1
1678993585.479,5.08333333333249,7.316057946065592,62,1651.1,node2
1678993585.497,67.51249999999573,43.16816001594275,114.8,1568.5,node1
1678993586.017,5.08333333333249,7.316057946065592,62,1651.1,node2
1678993586.039,67.51249999999573,43.16816001594275,114.8,1568.5,node1
1678993586.556,5.08333333333249,7.316057946065592,62,1651.1,node2
1678993586.573,67.51249999999573,43.16816001594275,114.8,1568.5,node1
1678993587.09,5.08333333333249,7.316057946065592,62,1651.1,node2
1678993587.106,67.51249999999573,43.16816001594275,114.8,1568.5,node1
1678993587.623,5.08333333333249,7.316057946065592,62,1651.1,node2
1678993587.639,67.51249999999573,43.16816001594275,114.8,1568.5,node1
1678993588.154,5.08333333333249,7.316057946065592,62,1651.1,node2
1678993588.169,67.51249999999573,43.16816001594275,114.8,1568.5,node1
1678993588.685,4.3541666666673535,7.3126237659633055,62,1653.3,node2
1678993588.702,67.51249999999573,43.16816001594275,114.8,1568.5,node1
1678993589.219,4.3541666666673535,7.3126237659633055,62,1653.3,node2
1678993589.235,67.51249999999573,43.16816001594275,114.8,1568.5,node1
1678993589.751,4.3541666666673535,7.3126237659633055,62,1653.3,node2
1678993589.775,67.51249999999573,43.16816001594275,114.8,1568.5,node1
1678993590.296,4.3541666666673535,7.3126237659633055,62,1653.3,node2
1678993590.312,67.51249999999573,43.16816001594275,114.8,1568.5,node1
1678993590.857,4.3541666666673535,7.3126237659633055,62,1653.3,node2
1678993590.875,67.51249999999573,43.16816001594275,114.8,1568.5,node1
1678993591.398,4.3541666666673535,7.3126237659633055,62,1653.3,node2
1678993591.415,67.51249999999573,43.16816001594275,114.8,1568.5,node1
1678993591.933,4.3541666666673535,7.3126237659633055,62,1653.3,node2
1678993591.951,67.51249999999573,43.16816001594275,114.8,1568.5,node1
1678993592.468,4.3541666666673535,7.3126237659633055,62,1653.3,node2
1678993592.488,67.21249999999827,43.08809837195567,136.1,1566,node1
1678993593.005,4.3541666666673535,7.3126237659633055,62,1653.3,node2
1678993593.022,67.21249999999827,43.08809837195567,136.1,1566,node1
1678993593.541,4.3541666666673535,7.3126237659633055,62,1653.3,node2
1678993593.559,67.21249999999827,43.08809837195567,136.1,1566,node1
1678993594.075,4.3541666666673535,7.3126237659633055,62,1653.3,node2
1678993594.091,67.21249999999827,43.08809837195567,136.1,1566,node1
1678993594.61,4.3541666666673535,7.3126237659633055,62,1653.3,node2
1678993594.626,67.21249999999827,43.08809837195567,136.1,1566,node1
1678993595.147,4.3541666666673535,7.3126237659633055,62,1653.3,node2
1678993595.166,67.21249999999827,43.08809837195567,136.1,1566,node1
1678993595.683,4.3541666666673535,7.3126237659633055,62,1653.3,node2
1678993595.701,67.21249999999827,43.08809837195567,136.1,1566,node1
1678993596.219,4.3541666666673535,7.3126237659633055,62,1653.3,node2
1678993596.234,67.21249999999827,43.08809837195567,136.1,1566,node1
1678993596.75,4.3541666666673535,7.3126237659633055,62,1653.3,node2
1678993596.768,67.21249999999827,43.08809837195567,136.1,1566,node1
1678993597.287,4.3541666666673535,7.3126237659633055,62,1653.3,node2
1678993597.314,67.21249999999827,43.08809837195567,136.1,1566,node1
1678993597.841,4.3541666666673535,7.3126237659633055,62,1653.3,node2
1678993597.86,67.21249999999827,43.08809837195567,136.1,1566,node1
1678993598.403,4.3541666666673535,7.3126237659633055,62,1653.3,node2
1678993598.421,67.21249999999827,43.08809837195567,136.1,1566,node1
1678993598.938,4.929166666666276,7.31816473031274,62,1650.4,node2
1678993598.955,67.21249999999827,43.08809837195567,136.1,1566,node1
1678993599.471,4.929166666666276,7.31816473031274,62,1650.4,node2
1678993599.489,67.21249999999827,43.08809837195567,136.1,1566,node1
1678993600.009,4.929166666666276,7.31816473031274,62,1650.4,node2
1678993600.026,67.21249999999827,43.08809837195567,136.1,1566,node1
1678993600.544,4.929166666666276,7.31816473031274,62,1650.4,node2
1678993600.559,67.21249999999827,43.08809837195567,136.1,1566,node1
1678993601.077,4.929166666666276,7.31816473031274,62,1650.4,node2
1678993601.095,67.21249999999827,43.08809837195567,136.1,1566,node1
1678993601.614,4.929166666666276,7.31816473031274,62,1650.4,node2
1678993601.63,67.21249999999827,43.08809837195567,136.1,1566,node1
1678993602.152,4.929166666666276,7.31816473031274,62,1650.4,node2
1678993602.167,67.45000000000573,43.07445658345507,182.9,1568.4,node1
1678993602.684,4.929166666666276,7.31816473031274,62,1650.4,node2
1678993602.7,67.45000000000573,43.07445658345507,182.9,1568.4,node1
1678993603.216,4.929166666666276,7.31816473031274,62,1650.4,node2
1678993603.231,67.45000000000573,43.07445658345507,182.9,1568.4,node1
1678993603.747,4.929166666666276,7.31816473031274,62,1650.4,node2
1678993603.769,67.45000000000573,43.07445658345507,182.9,1568.4,node1
1678993604.292,4.929166666666276,7.31816473031274,62,1650.4,node2
1678993604.332,67.45000000000573,43.07445658345507,182.9,1568.4,node1
1678993604.852,4.929166666666276,7.31816473031274,62,1650.4,node2
1678993604.867,67.45000000000573,43.07445658345507,182.9,1568.4,node1
1678993605.384,4.929166666666276,7.31816473031274,62,1650.4,node2
1678993605.399,67.45000000000573,43.07445658345507,182.9,1568.4,node1
1678993605.916,4.929166666666276,7.31816473031274,62,1650.4,node2
1678993605.933,67.45000000000573,43.07445658345507,182.9,1568.4,node1
1678993606.452,4.929166666666276,7.31816473031274,62,1650.4,node2
1678993606.468,67.45000000000573,43.07445658345507,182.9,1568.4,node1
1678993606.984,4.929166666666276,7.31816473031274,62,1650.4,node2
1678993607,67.45000000000573,43.07445658345507,182.9,1568.4,node1
1678993607.516,4.929166666666276,7.31816473031274,62,1650.4,node2
1678993607.533,67.45000000000573,43.07445658345507,182.9,1568.4,node1
1678993608.049,4.929166666666276,7.31816473031274,62,1650.4,node2
1678993608.065,67.45000000000573,43.07445658345507,182.9,1568.4,node1
1678993608.581,5.141666666666751,7.3201740910108875,151.4,1654.1,node2
1678993608.597,67.45000000000573,43.07445658345507,182.9,1568.4,node1
1678993609.114,5.141666666666751,7.3201740910108875,151.4,1654.1,node2
1678993609.13,67.45000000000573,43.07445658345507,182.9,1568.4,node1
1678993609.646,5.141666666666751,7.3201740910108875,151.4,1654.1,node2
1678993609.673,67.45000000000573,43.07445658345507,182.9,1568.4,node1
1678993610.198,5.141666666666751,7.3201740910108875,151.4,1654.1,node2
1678993610.244,67.45000000000573,43.07445658345507,182.9,1568.4,node1
1678993610.776,5.141666666666751,7.3201740910108875,151.4,1654.1,node2
1678993610.793,67.45000000000573,43.07445658345507,182.9,1568.4,node1
1678993611.326,5.141666666666751,7.3201740910108875,151.4,1654.1,node2
1678993611.344,67.45000000000573,43.07445658345507,182.9,1568.4,node1
1678993611.861,5.141666666666751,7.3201740910108875,151.4,1654.1,node2
1678993611.878,67.45000000000573,43.07445658345507,182.9,1568.4,node1
1678993612.396,5.141666666666751,7.3201740910108875,151.4,1654.1,node2
1678993612.416,67.46249999999691,43.123308598377044,114.8,1570,node1
1678993612.934,5.141666666666751,7.3201740910108875,151.4,1654.1,node2
1678993612.951,67.46249999999691,43.123308598377044,114.8,1570,node1
1678993613.47,5.141666666666751,7.3201740910108875,151.4,1654.1,node2
1678993613.486,67.46249999999691,43.123308598377044,114.8,1570,node1
1678993614.003,5.141666666666751,7.3201740910108875,151.4,1654.1,node2
1678993614.019,67.46249999999691,43.123308598377044,114.8,1570,node1
1678993614.539,5.141666666666751,7.3201740910108875,151.4,1654.1,node2
1678993614.563,67.46249999999691,43.123308598377044,114.8,1570,node1
1678993615.082,5.141666666666751,7.3201740910108875,151.4,1654.1,node2
1678993615.099,67.46249999999691,43.123308598377044,114.8,1570,node1
1678993615.617,5.141666666666751,7.3201740910108875,151.4,1654.1,node2
1678993615.634,67.46249999999691,43.123308598377044,114.8,1570,node1
1678993616.181,5.141666666666751,7.3201740910108875,151.4,1654.1,node2
1678993616.197,67.46249999999691,43.123308598377044,114.8,1570,node1
1678993616.713,5.141666666666751,7.3201740910108875,151.4,1654.1,node2
1678993616.73,67.46249999999691,43.123308598377044,114.8,1570,node1
1678993617.248,5.141666666666751,7.3201740910108875,151.4,1654.1,node2
1678993617.266,67.46249999999691,43.123308598377044,114.8,1570,node1
1678993617.787,5.141666666666751,7.3201740910108875,151.4,1654.1,node2
1678993617.815,67.46249999999691,43.123308598377044,114.8,1570,node1
1678993618.338,5.141666666666751,7.3201740910108875,151.4,1654.1,node2
1678993618.357,67.46249999999691,43.123308598377044,114.8,1570,node1
1678993618.9,4.62083333333338,7.311710420191419,151.4,1651.2,node2
1678993618.917,67.46249999999691,43.123308598377044,114.8,1570,node1
1678993619.438,4.62083333333338,7.311710420191419,151.4,1651.2,node2
1678993619.454,67.46249999999691,43.123308598377044,114.8,1570,node1
1678993619.969,4.62083333333338,7.311710420191419,151.4,1651.2,node2
1678993619.984,67.46249999999691,43.123308598377044,114.8,1570,node1
1678993620.501,4.62083333333338,7.311710420191419,151.4,1651.2,node2
1678993620.517,67.46249999999691,43.123308598377044,114.8,1570,node1
1678993621.035,4.62083333333338,7.311710420191419,151.4,1651.2,node2
1678993621.051,67.46249999999691,43.123308598377044,114.8,1570,node1
1678993621.568,4.62083333333338,7.311710420191419,151.4,1651.2,node2
1678993621.591,67.46249999999691,43.123308598377044,114.8,1570,node1
1678993622.107,4.62083333333338,7.311710420191419,151.4,1651.2,node2
1678993622.124,67.10000000000036,43.072443860561535,108.2,1565.7,node1
1678993622.64,4.62083333333338,7.311710420191419,151.4,1651.2,node2
1678993622.657,67.10000000000036,43.072443860561535,108.2,1565.7,node1
1678993623.174,4.62083333333338,7.311710420191419,151.4,1651.2,node2
1678993623.191,67.10000000000036,43.072443860561535,108.2,1565.7,node1
1678993623.711,4.62083333333338,7.311710420191419,151.4,1651.2,node2
1678993623.727,67.10000000000036,43.072443860561535,108.2,1565.7,node1
1678993624.244,4.62083333333338,7.311710420191419,151.4,1651.2,node2
1678993624.27,67.10000000000036,43.072443860561535,108.2,1565.7,node1
1678993624.803,4.62083333333338,7.311710420191419,151.4,1651.2,node2
1678993624.822,67.10000000000036,43.072443860561535,108.2,1565.7,node1
1678993625.337,4.62083333333338,7.311710420191419,151.4,1651.2,node2
1678993625.364,67.10000000000036,43.072443860561535,108.2,1565.7,node1
1678993625.894,4.62083333333338,7.311710420191419,151.4,1651.2,node2
1678993625.935,67.10000000000036,43.072443860561535,108.2,1565.7,node1
1678993626.464,4.62083333333338,7.311710420191419,151.4,1651.2,node2
1678993626.48,67.10000000000036,43.072443860561535,108.2,1565.7,node1
1678993627.02,4.62083333333338,7.311710420191419,151.4,1651.2,node2
1678993627.037,67.10000000000036,43.072443860561535,108.2,1565.7,node1
1678993627.553,4.62083333333338,7.311710420191419,151.4,1651.2,node2
1678993627.57,67.10000000000036,43.072443860561535,108.2,1565.7,node1
1678993628.087,4.62083333333338,7.311710420191419,151.4,1651.2,node2
1678993628.103,67.10000000000036,43.072443860561535,108.2,1565.7,node1
1678993628.619,4.6208333333330245,7.316423284374346,62,1649.4,node2
1678993628.635,67.10000000000036,43.072443860561535,108.2,1565.7,node1
1678993629.151,4.6208333333330245,7.316423284374346,62,1649.4,node2
1678993629.168,67.10000000000036,43.072443860561535,108.2,1565.7,node1
1678993629.683,4.6208333333330245,7.316423284374346,62,1649.4,node2
1678993629.699,67.10000000000036,43.072443860561535,108.2,1565.7,node1
1678993630.217,4.6208333333330245,7.316423284374346,62,1649.4,node2
1678993630.235,67.10000000000036,43.072443860561535,108.2,1565.7,node1
1678993630.751,4.6208333333330245,7.316423284374346,62,1649.4,node2
1678993630.767,67.10000000000036,43.072443860561535,108.2,1565.7,node1
1678993631.283,4.6208333333330245,7.316423284374346,62,1649.4,node2
1678993631.299,67.10000000000036,43.072443860561535,108.2,1565.7,node1
1678993631.816,4.6208333333330245,7.316423284374346,62,1649.4,node2
1678993631.833,67.10000000000036,43.072443860561535,108.2,1565.7,node1
1678993632.349,4.6208333333330245,7.316423284374346,62,1649.4,node2
1678993632.366,67.52500000000055,43.08056929742801,114.8,1565.9,node1
1678993632.884,4.6208333333330245,7.316423284374346,62,1649.4,node2
1678993632.908,67.52500000000055,43.08056929742801,114.8,1565.9,node1
1678993633.435,4.6208333333330245,7.316423284374346,62,1649.4,node2
1678993633.476,67.52500000000055,43.08056929742801,114.8,1565.9,node1
1678993634,4.6208333333330245,7.316423284374346,62,1649.4,node2
1678993634.018,67.52500000000055,43.08056929742801,114.8,1565.9,node1
1678993634.56,4.6208333333330245,7.316423284374346,62,1649.4,node2
1678993634.577,67.52500000000055,43.08056929742801,114.8,1565.9,node1
1678993635.095,4.6208333333330245,7.316423284374346,62,1649.4,node2
1678993635.114,67.52500000000055,43.08056929742801,114.8,1565.9,node1
1678993635.632,4.6208333333330245,7.316423284374346,62,1649.4,node2
1678993635.65,67.52500000000055,43.08056929742801,114.8,1565.9,node1
1678993636.171,4.6208333333330245,7.316423284374346,62,1649.4,node2
1678993636.188,67.52500000000055,43.08056929742801,114.8,1565.9,node1
1678993636.705,4.6208333333330245,7.316423284374346,62,1649.4,node2
1678993636.722,67.52500000000055,43.08056929742801,114.8,1565.9,node1
1678993637.238,4.6208333333330245,7.316423284374346,62,1649.4,node2
1678993637.254,67.52500000000055,43.08056929742801,114.8,1565.9,node1
1678993637.77,4.6208333333330245,7.316423284374346,62,1649.4,node2
1678993637.785,67.52500000000055,43.08056929742801,114.8,1565.9,node1
1678993638.301,4.6208333333330245,7.316423284374346,62,1649.4,node2
1678993638.316,67.52500000000055,43.08056929742801,114.8,1565.9,node1
1678993638.831,5.300000000000111,7.338428828504961,62,1651.2,node2
1678993638.847,67.52500000000055,43.08056929742801,114.8,1565.9,node1
1678993639.363,5.300000000000111,7.338428828504961,62,1651.2,node2
1678993639.378,67.52500000000055,43.08056929742801,114.8,1565.9,node1
1678993639.893,5.300000000000111,7.338428828504961,62,1651.2,node2
1678993639.908,67.52500000000055,43.08056929742801,114.8,1565.9,node1
1678993640.424,5.300000000000111,7.338428828504961,62,1651.2,node2
1678993640.445,67.52500000000055,43.08056929742801,114.8,1565.9,node1
1678993640.968,5.300000000000111,7.338428828504961,62,1651.2,node2
1678993640.983,67.52500000000055,43.08056929742801,114.8,1565.9,node1
1678993641.528,5.300000000000111,7.338428828504961,62,1651.2,node2
1678993641.544,67.52500000000055,43.08056929742801,114.8,1565.9,node1
1678993642.06,5.300000000000111,7.338428828504961,62,1651.2,node2
1678993642.075,67.52500000000055,43.08056929742801,114.8,1566,node1
1678993642.592,5.300000000000111,7.338428828504961,62,1651.2,node2
1678993642.607,67.368749999996,43.12862616256489,114.8,1566,node1
1678993643.124,5.300000000000111,7.338428828504961,62,1651.2,node2
1678993643.14,67.368749999996,43.12862616256489,114.8,1566,node1
1678993643.655,5.300000000000111,7.338428828504961,62,1651.2,node2
1678993643.671,67.368749999996,43.12862616256489,114.8,1566,node1
1678993644.187,5.300000000000111,7.338428828504961,62,1651.2,node2
1678993644.203,67.368749999996,43.12862616256489,114.8,1566,node1
1678993644.719,5.300000000000111,7.338428828504961,62,1651.2,node2
1678993644.745,67.368749999996,43.12862616256489,114.8,1566,node1
1678993645.276,5.300000000000111,7.338428828504961,62,1651.2,node2
1678993645.295,67.368749999996,43.12862616256489,114.8,1566,node1
1678993645.812,5.300000000000111,7.338428828504961,62,1651.2,node2
1678993645.827,67.368749999996,43.12862616256489,114.8,1566,node1
1678993646.343,5.300000000000111,7.338428828504961,62,1651.2,node2
1678993646.359,67.368749999996,43.12862616256489,114.8,1566,node1
1678993646.875,5.300000000000111,7.338428828504961,62,1651.2,node2
1678993646.891,67.368749999996,43.12862616256489,114.8,1566,node1
