1678700291.028,13.20000000006985,39.432030520845714,82.53999999999999,1917.54,node2
1678700291.053,52.064380685798085,30.59016262277713,111.67329960202389,1580.2651840889548,node1
1678700291.583,13.20000000006985,39.432030520845714,82.53999999999999,1917.54,node2
1678700291.599,52.064380685798085,30.59016262277713,111.67329960202389,1580.2651840889548,node1
1678700292.119,13.20000000006985,39.432030520845714,82.53999999999999,1917.54,node2
1678700292.135,53.39226768030227,30.68813832987076,110.35999999999999,1573.24,node1
1678700292.667,13.20000000006985,39.432030520845714,82.53999999999999,1917.54,node2
1678700292.699,53.39226768030227,30.68813832987076,110.35999999999999,1573.24,node1
1678700293.215,13.20000000006985,39.432030520845714,82.53999999999999,1917.54,node2
1678700293.233,53.39226768030227,30.68813832987076,110.35999999999999,1573.24,node1
1678700293.749,13.20000000006985,39.432030520845714,82.53999999999999,1917.54,node2
1678700293.766,53.39226768030227,30.68813832987076,110.36000000000003,1573.24,node1
1678700294.283,13.20000000006985,39.432030520845714,82.53999999999999,1917.54,node2
1678700294.299,53.39226768030227,30.68813832987076,110.35999999999999,1573.24,node1
1678700294.816,13.20000000006985,39.432030520845714,82.53999999999999,1917.54,node2
1678700294.833,53.39226768030227,30.68813832987076,110.35999999999999,1573.24,node1
1678700295.352,13.20000000006985,39.432030520845714,82.53999999999999,1917.54,node2
1678700295.369,53.39226768030227,30.68813832987076,110.35999999999999,1573.24,node1
1678700295.887,13.20000000006985,39.432030520845714,82.53999999999999,1917.54,node2
1678700295.905,53.39226768030227,30.68813832987076,110.36000000000003,1573.24,node1
1678700296.424,13.20000000006985,39.432030520845714,82.53999999999999,1917.54,node2
1678700296.443,53.39226768030227,30.68813832987076,110.35999999999999,1573.24,node1
1678700296.96,13.20000000006985,39.432030520845714,82.53999999999999,1917.54,node2
1678700296.976,53.39226768030227,30.68813832987076,110.35999999999999,1573.24,node1
1678700297.494,13.20000000006985,39.432030520845714,82.53999999999999,1917.54,node2
1678700297.511,53.39226768030227,30.68813832987076,110.35999999999999,1573.24,node1
1678700298.029,13.20000000006985,39.432030520845714,82.53999999999999,1917.54,node2
1678700298.047,53.39226768030227,30.68813832987076,110.35999999999999,1573.24,node1
1678700298.564,12.808333333038433,39.478842530439984,84.7,1917.9,node2
1678700298.582,53.39226768030227,30.68813832987076,110.35999999999999,1573.24,node1
1678700299.1,12.808333333038433,39.478842530439984,84.7,1917.9,node2
1678700299.116,53.39226768030227,30.68813832987076,110.35999999999999,1573.24,node1
1678700299.636,12.808333333038433,39.478842530439984,84.70000000000002,1917.9000000000003,node2
1678700299.652,53.39226768030227,30.68813832987076,110.35999999999999,1573.24,node1
1678700300.171,12.808333333038433,39.478842530439984,84.7,1917.9,node2
1678700300.194,53.39226768030227,30.68813832987076,110.35999999999999,1573.24,node1
1678700300.715,12.808333333038433,39.478842530439984,84.7,1917.9,node2
1678700300.737,53.39226768030227,30.68813832987076,110.35999999999999,1573.24,node1
1678700301.254,12.808333333038433,39.478842530439984,84.7,1917.9,node2
1678700301.272,53.39226768030227,30.68813832987076,110.35999999999999,1573.24,node1
1678700301.789,12.808333333038433,39.478842530439984,84.7,1917.9,node2
1678700301.806,53.39226768030227,30.68813832987076,110.35999999999999,1573.24,node1
1678700302.324,12.808333333038433,39.478842530439984,84.7,1917.9,node2
1678700302.341,57.13749999999437,31.682083615047656,110.35999999999999,1572.98,node1
1678700302.86,12.808333333038433,39.478842530439984,84.7,1917.9,node2
1678700302.878,57.13749999999437,31.682083615047656,110.35999999999999,1572.98,node1
1678700303.395,12.808333333038433,39.478842530439984,84.7,1917.9,node2
1678700303.411,57.13749999999437,31.682083615047656,110.36000000000003,1572.98,node1
1678700303.926,12.808333333038433,39.478842530439984,84.7,1917.9,node2
1678700303.94,57.13749999999437,31.682083615047656,110.35999999999999,1572.98,node1
1678700304.456,12.808333333038433,39.478842530439984,84.7,1917.9,node2
1678700304.475,57.13749999999437,31.682083615047656,110.35999999999999,1572.98,node1
1678700304.993,12.808333333038433,39.478842530439984,84.7,1917.9,node2
1678700305.01,57.13749999999437,31.682083615047656,110.35999999999999,1572.98,node1
1678700305.528,12.808333333038433,39.478842530439984,84.7,1917.9,node2
1678700305.544,57.13749999999437,31.682083615047656,110.35999999999999,1572.98,node1
1678700306.064,12.808333333038433,39.478842530439984,84.7,1917.9,node2
1678700306.083,57.13749999999437,31.682083615047656,110.35999999999999,1572.98,node1
1678700306.602,12.808333333038433,39.478842530439984,84.7,1917.9,node2
1678700306.621,57.13749999999437,31.682083615047656,110.35999999999999,1572.98,node1
1678700307.14,12.808333333038433,39.478842530439984,84.7,1917.9,node2
1678700307.159,57.13749999999437,31.682083615047656,110.35999999999999,1572.98,node1
1678700307.677,12.808333333038433,39.478842530439984,84.7,1917.9,node2
1678700307.697,57.13749999999437,31.682083615047656,110.35999999999999,1572.98,node1
1678700308.216,12.808333333038433,39.478842530439984,84.7,1917.9,node2
1678700308.235,57.13749999999437,31.682083615047656,110.35999999999999,1572.98,node1
1678700308.754,12.075000000186265,39.459089908285485,79.72000000000001,1918.2599999999998,node2
1678700308.772,57.13749999999437,31.682083615047656,110.35999999999999,1572.98,node1
1678700309.291,12.075000000186265,39.459089908285485,79.72,1918.2599999999998,node2
1678700309.31,57.13749999999437,31.682083615047656,110.35999999999999,1572.98,node1
1678700309.829,12.075000000186265,39.459089908285485,79.72,1918.2599999999998,node2
1678700309.848,57.13749999999437,31.682083615047656,110.35999999999999,1572.98,node1
1678700310.367,12.075000000186265,39.459089908285485,79.72,1918.2599999999998,node2
1678700310.386,57.13749999999437,31.682083615047656,110.35999999999999,1572.98,node1
1678700310.915,12.075000000186265,39.459089908285485,79.72,1918.2599999999998,node2
1678700310.94,57.13749999999437,31.682083615047656,110.35999999999999,1572.98,node1
1678700311.458,12.075000000186265,39.459089908285485,79.72,1918.2599999999998,node2
1678700311.475,57.13749999999437,31.682083615047656,110.35999999999999,1572.98,node1
1678700311.992,12.075000000186265,39.459089908285485,79.72,1918.2599999999998,node2
1678700312.009,57.13749999999437,31.682083615047656,110.35999999999999,1567.05,node1
1678700312.526,12.075000000186265,39.459089908285485,79.72,1918.2599999999998,node2
1678700312.544,57.531250000010914,31.780929002523813,110.35999999999999,1572.84,node1
1678700313.067,12.075000000186265,39.459089908285485,79.72,1918.2599999999998,node2
1678700313.085,57.531250000010914,31.780929002523813,110.35999999999999,1572.84,node1
1678700313.601,12.075000000186265,39.459089908285485,79.72,1918.2599999999998,node2
1678700313.62,57.531250000010914,31.780929002523813,110.35999999999999,1572.84,node1
1678700314.137,12.075000000186265,39.459089908285485,79.72,1918.2599999999998,node2
1678700314.155,57.531250000010914,31.780929002523813,110.35999999999999,1572.84,node1
1678700314.672,12.075000000186265,39.459089908285485,79.72,1918.2599999999998,node2
1678700314.69,57.531250000010914,31.780929002523813,110.35999999999999,1572.84,node1
1678700315.209,12.075000000186265,39.459089908285485,79.72,1918.2599999999998,node2
1678700315.226,57.531250000010914,31.780929002523813,110.35999999999999,1572.84,node1
1678700315.743,12.075000000186265,39.459089908285485,79.72,1918.2599999999998,node2
1678700315.76,57.531250000010914,31.780929002523813,110.35999999999999,1572.84,node1
1678700316.277,12.075000000186265,39.459089908285485,79.72,1918.2599999999998,node2
1678700316.294,57.531250000010914,31.780929002523813,110.35999999999999,1572.84,node1
1678700316.811,12.075000000186265,39.459089908285485,79.72,1918.2599999999998,node2
1678700316.827,57.531250000010914,31.780929002523813,110.35999999999999,1572.84,node1
1678700317.345,12.075000000186265,39.459089908285485,79.72,1918.2599999999998,node2
1678700317.362,57.531250000010914,31.780929002523813,110.35999999999999,1572.84,node1
1678700317.879,12.075000000186265,39.459089908285485,79.72,1918.2599999999998,node2
1678700317.895,57.531250000010914,31.780929002523813,110.35999999999999,1572.84,node1
1678700318.412,12.075000000186265,39.459089908285485,71.3,1917.525,node2
1678700318.428,57.531250000010914,31.780929002523813,110.35999999999999,1572.84,node1
1678700318.944,12.358333333395422,39.48389637642896,70.75999999999999,1917.1,node2
1678700318.96,57.531250000010914,31.780929002523813,110.35999999999999,1572.84,node1
1678700319.476,12.358333333395422,39.48389637642896,70.75999999999999,1917.1,node2
1678700319.492,57.531250000010914,31.780929002523813,110.35999999999999,1572.84,node1
1678700320.01,12.358333333395422,39.48389637642896,70.76,1917.1000000000001,node2
1678700320.035,57.531250000010914,31.780929002523813,110.35999999999999,1572.84,node1
1678700320.562,12.358333333395422,39.48389637642896,70.75999999999999,1917.1,node2
1678700320.586,57.531250000010914,31.780929002523813,110.35999999999999,1572.84,node1
1678700321.109,12.358333333395422,39.48389637642896,70.75999999999999,1917.1,node2
1678700321.144,57.531250000010914,31.780929002523813,110.35999999999999,1572.84,node1
1678700321.668,12.358333333395422,39.48389637642896,70.75999999999999,1917.1,node2
1678700321.706,57.531250000010914,31.780929002523813,110.35999999999999,1572.84,node1
1678700322.23,12.358333333395422,39.48389637642896,70.75999999999999,1917.1,node2
1678700322.265,58.76874999999927,31.788656733922778,110.35999999999999,1580.6399999999999,node1
1678700322.79,12.358333333395422,39.48389637642896,70.75999999999999,1917.1,node2
1678700322.81,58.76874999999927,31.788656733922778,110.35999999999999,1580.6399999999999,node1
1678700323.358,12.358333333395422,39.48389637642896,70.75999999999999,1917.1,node2
1678700323.375,58.76874999999927,31.788656733922778,110.35999999999999,1580.6399999999999,node1
1678700323.912,12.358333333395422,39.48389637642896,70.75999999999999,1917.1,node2
1678700323.928,58.76874999999927,31.788656733922778,110.35999999999999,1580.6399999999999,node1
1678700324.445,12.358333333395422,39.48389637642896,70.75999999999999,1917.1,node2
1678700324.464,58.76874999999927,31.788656733922778,110.35999999999999,1580.6399999999999,node1
1678700324.98,12.358333333395422,39.48389637642896,70.75999999999999,1917.1,node2
1678700324.998,58.76874999999927,31.788656733922778,110.35999999999999,1580.6399999999999,node1
1678700325.515,12.358333333395422,39.48389637642896,70.75999999999999,1917.1,node2
1678700325.531,58.76874999999927,31.788656733922778,110.36000000000003,1580.6399999999999,node1
1678700326.048,12.358333333395422,39.48389637642896,70.75999999999999,1917.1,node2
1678700326.065,58.76874999999927,31.788656733922778,110.35999999999999,1580.6399999999999,node1
1678700326.582,12.358333333395422,39.48389637642896,70.75999999999999,1917.1,node2
1678700326.599,58.76874999999927,31.788656733922778,110.35999999999999,1580.6399999999999,node1
1678700327.116,12.358333333395422,39.48389637642896,70.75999999999999,1917.1,node2
1678700327.132,58.76874999999927,31.788656733922778,110.35999999999999,1580.6399999999999,node1
1678700327.649,12.358333333395422,39.48389637642896,70.75999999999999,1917.1,node2
1678700327.666,58.76874999999927,31.788656733922778,110.35999999999999,1580.6399999999999,node1
1678700328.183,12.358333333395422,39.48389637642896,70.75999999999999,1917.1,node2
1678700328.199,58.76874999999927,31.788656733922778,110.35999999999999,1580.6399999999999,node1
1678700328.716,14.71249999992628,39.43181131788715,71.6,1917.62,node2
1678700328.732,58.76874999999927,31.788656733922778,110.35999999999999,1580.6399999999999,node1
1678700329.248,14.71249999992628,39.43181131788715,71.6,1917.62,node2
1678700329.264,58.76874999999927,31.788656733922778,110.35999999999999,1580.6399999999999,node1
1678700329.781,14.71249999992628,39.43181131788715,71.6,1917.62,node2
1678700329.797,58.76874999999927,31.788656733922778,110.35999999999999,1580.6399999999999,node1
1678700330.313,14.71249999992628,39.43181131788715,71.6,1917.62,node2
1678700330.33,58.76874999999927,31.788656733922778,110.35999999999999,1580.6399999999999,node1
1678700330.848,14.71249999992628,39.43181131788715,71.6,1917.62,node2
1678700330.864,58.76874999999927,31.788656733922778,110.35999999999999,1580.6399999999999,node1
1678700331.38,14.71249999992628,39.43181131788715,71.6,1917.62,node2
1678700331.396,58.76874999999927,31.788656733922778,110.35999999999999,1580.6399999999999,node1
1678700331.911,14.71249999992628,39.43181131788715,71.6,1917.62,node2
1678700331.927,58.76874999999927,31.788656733922778,110.35999999999999,1580.6399999999999,node1
1678700332.444,14.71249999992628,39.43181131788715,71.6,1917.62,node2
1678700332.465,58.70624999999563,31.788383405802556,111.68670120207213,1588.4153049182953,node1
1678700332.981,14.71249999992628,39.43181131788715,71.6,1917.62,node2
1678700333,58.70624999999563,31.788383405802556,111.68670120207213,1588.4153049182953,node1
1678700333.518,14.71249999992628,39.43181131788715,71.6,1917.62,node2
1678700333.536,58.70624999999563,31.788383405802556,111.68670120207213,1588.4153049182953,node1
1678700334.055,14.71249999992628,39.43181131788715,71.6,1917.62,node2
1678700334.072,58.70624999999563,31.788383405802556,111.68670120207213,1588.4153049182953,node1
1678700334.588,14.71249999992628,39.43181131788715,71.6,1917.62,node2
1678700334.608,58.70624999999563,31.788383405802556,111.68670120207213,1588.4153049182953,node1
1678700335.125,14.71249999992628,39.43181131788715,71.6,1917.62,node2
1678700335.142,58.70624999999563,31.788383405802556,111.68670120207213,1588.4153049182953,node1
1678700335.66,14.71249999992628,39.43181131788715,71.6,1917.62,node2
1678700335.7,58.70624999999563,31.788383405802556,111.68670120207213,1588.4153049182953,node1
1678700336.217,14.71249999992628,39.43181131788715,71.6,1917.62,node2
1678700336.236,58.70624999999563,31.788383405802556,111.68670120207213,1588.4153049182953,node1
1678700336.752,14.71249999992628,39.43181131788715,71.6,1917.62,node2
1678700336.768,58.70624999999563,31.788383405802556,111.68670120207213,1588.4153049182953,node1
1678700337.284,14.71249999992628,39.43181131788715,71.6,1917.62,node2
1678700337.299,58.70624999999563,31.788383405802556,111.68670120207213,1588.4153049182953,node1
1678700337.815,14.71249999992628,39.43181131788715,71.6,1917.62,node2
1678700337.839,58.70624999999563,31.788383405802556,111.68670120207213,1588.4153049182953,node1
1678700338.371,14.71249999992628,39.43181131788715,72.35,1917.875,node2
1678700338.394,58.70624999999563,31.788383405802556,111.68670120207213,1588.4153049182953,node1
1678700338.917,12.116666666891746,39.45926039947547,72.92,1917.68,node2
1678700338.955,58.70624999999563,31.788383405802556,111.68670120207213,1588.4153049182953,node1
1678700339.479,12.116666666891746,39.45926039947547,72.92,1917.68,node2
1678700339.519,58.70624999999563,31.788383405802556,111.68670120207213,1588.4153049182953,node1
1678700340.044,12.116666666891746,39.45926039947547,72.92,1917.68,node2
1678700340.084,58.70624999999563,31.788383405802556,111.68670120207213,1588.4153049182953,node1
1678700340.609,12.116666666891746,39.45926039947547,72.92,1917.68,node2
1678700340.648,58.70624999999563,31.788383405802556,111.68670120207213,1588.4153049182953,node1
1678700341.176,12.116666666891746,39.45926039947547,72.92,1917.68,node2
1678700341.215,58.70624999999563,31.788383405802556,111.68670120207213,1588.4153049182953,node1
1678700341.744,12.116666666891746,39.45926039947547,72.92,1917.68,node2
1678700341.761,58.70624999999563,31.788383405802556,111.68670120207213,1588.4153049182953,node1
1678700342.304,12.116666666891746,39.45926039947547,72.92,1917.68,node2
1678700342.341,58.76250000000254,31.802795252141465,113,1595.6399999999999,node1
1678700342.863,12.116666666891746,39.45926039947547,72.92,1917.68,node2
1678700342.881,58.76250000000254,31.802795252141465,113,1595.64,node1
1678700343.419,12.116666666891746,39.45926039947547,72.92,1917.68,node2
1678700343.437,58.76250000000254,31.802795252141465,113,1595.6399999999999,node1
1678700343.976,12.116666666891746,39.45926039947547,72.92,1917.68,node2
1678700343.993,58.76250000000254,31.802795252141465,113,1595.6399999999999,node1
1678700344.51,12.116666666891746,39.45926039947547,72.92,1917.68,node2
1678700344.527,58.76250000000254,31.802795252141465,113.00000000000001,1595.64,node1
1678700345.045,12.116666666891746,39.45926039947547,72.92,1917.68,node2
1678700345.062,58.76250000000254,31.802795252141465,113,1595.6399999999999,node1
1678700345.589,12.116666666891746,39.45926039947547,72.92,1917.68,node2
1678700345.605,58.76250000000254,31.802795252141465,113,1595.6399999999999,node1
1678700346.121,12.116666666891746,39.45926039947547,72.92,1917.68,node2
1678700346.138,58.76250000000254,31.802795252141465,113,1595.6399999999999,node1
1678700346.655,12.116666666891746,39.45926039947547,72.92,1917.68,node2
1678700346.671,58.76250000000254,31.802795252141465,113,1595.6399999999999,node1
1678700347.187,12.116666666891746,39.45926039947547,72.92,1917.68,node2
1678700347.204,58.76250000000254,31.802795252141465,113,1595.6399999999999,node1
1678700347.721,12.116666666891746,39.45926039947547,72.92,1917.68,node2
1678700347.738,58.76250000000254,31.802795252141465,113,1595.6399999999999,node1
1678700348.255,12.116666666891746,39.45926039947547,72.92,1917.68,node2
1678700348.272,58.76250000000254,31.802795252141465,113,1595.6399999999999,node1
1678700348.789,12.499999999708962,39.427756063153836,72.08,1916.84,node2
1678700348.805,58.76250000000254,31.802795252141465,113,1595.6399999999999,node1
1678700349.322,12.499999999708962,39.427756063153836,72.08,1916.84,node2
1678700349.338,58.76250000000254,31.802795252141465,113,1595.6399999999999,node1
1678700349.854,12.499999999708962,39.427756063153836,72.08,1916.84,node2
1678700349.871,58.76250000000254,31.802795252141465,113,1595.6399999999999,node1
1678700350.387,12.499999999708962,39.427756063153836,72.08,1916.84,node2
1678700350.403,58.76250000000254,31.802795252141465,113,1595.6399999999999,node1
1678700350.919,12.499999999708962,39.427756063153836,72.08,1916.84,node2
1678700350.935,58.76250000000254,31.802795252141465,113,1595.6399999999999,node1
1678700351.451,12.499999999708962,39.427756063153836,72.08,1916.84,node2
1678700351.467,58.76250000000254,31.802795252141465,113,1595.6399999999999,node1
1678700351.984,12.499999999708962,39.427756063153836,72.08,1916.84,node2
1678700352,58.76250000000254,31.802795252141465,113,1595.6399999999999,node1
1678700352.516,12.499999999708962,39.427756063153836,72.08,1916.84,node2
1678700352.533,58.931249999996,31.80997632729999,113,1596.4599999999998,node1
1678700353.05,12.499999999708962,39.427756063153836,72.08,1916.84,node2
1678700353.069,58.931249999996,31.80997632729999,113,1596.4599999999998,node1
1678700353.587,12.499999999708962,39.427756063153836,72.08,1916.84,node2
1678700353.605,58.931249999996,31.80997632729999,113,1596.4599999999998,node1
1678700354.124,12.499999999708962,39.427756063153836,72.08,1916.84,node2
1678700354.142,58.931249999996,31.80997632729999,113,1596.4599999999998,node1
1678700354.661,12.499999999708962,39.427756063153836,72.08,1916.84,node2
1678700354.68,58.931249999996,31.80997632729999,113,1596.4599999999998,node1
1678700355.199,12.499999999708962,39.427756063153836,72.08,1916.84,node2
1678700355.221,58.931249999996,31.80997632729999,113,1596.4599999999998,node1
1678700355.743,12.499999999708962,39.427756063153836,72.08,1916.84,node2
1678700355.762,58.931249999996,31.80997632729999,113,1596.4599999999998,node1
1678700356.302,12.499999999708962,39.427756063153836,72.08,1916.84,node2
1678700356.318,58.931249999996,31.80997632729999,113,1596.4599999999998,node1
1678700356.833,12.499999999708962,39.427756063153836,72.08,1916.84,node2
1678700356.849,58.931249999996,31.80997632729999,113,1596.4599999999998,node1
1678700357.365,12.499999999708962,39.427756063153836,72.08,1916.84,node2
1678700357.38,58.931249999996,31.80997632729999,113,1596.4599999999998,node1
1678700357.896,12.499999999708962,39.427756063153836,72.08,1916.84,node2
1678700357.917,58.931249999996,31.80997632729999,113,1596.4599999999998,node1
1678700358.435,12.499999999708962,39.427756063153836,72.95,1917.2,node2
1678700358.457,58.931249999996,31.80997632729999,113,1596.4599999999998,node1
1678700358.98,14.645833333682575,39.42825535878166,72.92,1917.9599999999998,node2
1678700359.017,58.931249999996,31.80997632729999,113,1596.4599999999998,node1
1678700359.543,14.645833333682575,39.42825535878166,72.92,1917.9599999999998,node2
1678700359.578,58.931249999996,31.80997632729999,113,1596.4599999999998,node1
1678700360.1,14.645833333682575,39.42825535878166,72.92,1917.9599999999998,node2
1678700360.116,58.931249999996,31.80997632729999,113,1596.4599999999998,node1
1678700360.655,14.645833333682575,39.42825535878166,72.92,1917.9599999999998,node2
1678700360.67,58.931249999996,31.80997632729999,113,1596.4599999999998,node1
1678700361.187,14.645833333682575,39.42825535878166,72.92,1917.9599999999998,node2
1678700361.203,58.931249999996,31.80997632729999,113,1596.4599999999998,node1
1678700361.719,14.645833333682575,39.42825535878166,72.92,1917.9599999999998,node2
1678700361.735,58.931249999996,31.80997632729999,113,1596.4599999999998,node1
1678700362.251,14.645833333682575,39.42825535878166,72.92,1917.9599999999998,node2
1678700362.271,58.91249999999672,31.815219257606035,114.32,1596.24,node1
1678700362.788,14.645833333682575,39.42825535878166,72.92,1917.9599999999998,node2
1678700362.803,58.91249999999672,31.815219257606035,114.32,1596.24,node1
1678700363.32,14.645833333682575,39.42825535878166,72.92,1917.9599999999998,node2
1678700363.336,58.91249999999672,31.815219257606035,114.32,1596.24,node1
1678700363.853,14.645833333682575,39.42825535878166,72.92,1917.9599999999998,node2
1678700363.871,58.91249999999672,31.815219257606035,114.32,1596.24,node1
1678700364.388,14.645833333682575,39.42825535878166,72.92,1917.9599999999998,node2
1678700364.407,58.91249999999672,31.815219257606035,114.32000000000001,1596.24,node1
1678700364.923,14.645833333682575,39.42825535878166,72.92,1917.9599999999998,node2
1678700364.943,58.91249999999672,31.815219257606035,114.32,1596.24,node1
1678700365.46,14.645833333682575,39.42825535878166,72.92,1917.9599999999998,node2
1678700365.476,58.91249999999672,31.815219257606035,114.32,1596.24,node1
1678700365.993,14.645833333682575,39.42825535878166,72.92,1917.9599999999998,node2
1678700366.012,58.91249999999672,31.815219257606035,114.32,1596.24,node1
1678700366.531,14.645833333682575,39.42825535878166,72.92,1917.9599999999998,node2
1678700366.549,58.91249999999672,31.815219257606035,114.32,1596.24,node1
1678700367.069,14.645833333682575,39.42825535878166,72.92,1917.9599999999998,node2
1678700367.087,58.91249999999672,31.815219257606035,114.32,1596.24,node1
1678700367.611,14.645833333682575,39.42825535878166,72.92,1917.9599999999998,node2
1678700367.628,58.91249999999672,31.815219257606035,114.32,1596.24,node1
1678700368.146,14.645833333682575,39.42825535878166,72.92,1917.9599999999998,node2
1678700368.163,58.91249999999672,31.815219257606035,114.32,1596.24,node1
1678700368.682,11.816666666321296,39.42409050256906,72.92,1918.4,node2
1678700368.707,58.91249999999672,31.815219257606035,114.32,1596.24,node1
1678700369.224,11.816666666321296,39.42409050256906,72.92,1918.4,node2
1678700369.241,58.91249999999672,31.815219257606035,114.32,1596.24,node1
1678700369.758,11.816666666321296,39.42409050256906,72.92000000000002,1918.4,node2
1678700369.775,58.91249999999672,31.815219257606035,114.32,1596.24,node1
1678700370.292,11.816666666321296,39.42409050256906,72.92,1918.4,node2
1678700370.31,58.91249999999672,31.815219257606035,114.32,1596.24,node1
1678700370.826,11.816666666321296,39.42409050256906,72.92,1918.4,node2
1678700370.843,58.91249999999672,31.815219257606035,114.32,1596.24,node1
1678700371.36,11.816666666321296,39.42409050256906,72.92,1918.4,node2
1678700371.377,58.91249999999672,31.815219257606035,114.32,1596.24,node1
1678700371.894,11.816666666321296,39.42409050256906,72.92,1918.4,node2
1678700371.91,58.91249999999672,31.815219257606035,114.32,1596.24,node1
1678700372.427,11.816666666321296,39.42409050256906,72.92,1918.4,node2
1678700372.444,58.83125000000291,31.814697449376528,114.32,1596.24,node1
1678700372.961,11.816666666321296,39.42409050256906,72.92,1918.4,node2
1678700372.98,58.83125000000291,31.814697449376528,114.32,1596.24,node1
1678700373.497,11.816666666321296,39.42409050256906,72.92,1918.4,node2
1678700373.522,58.83125000000291,31.814697449376528,114.32,1596.2400000000002,node1
1678700374.041,11.816666666321296,39.42409050256906,72.92,1918.4,node2
1678700374.076,58.83125000000291,31.814697449376528,114.32,1596.24,node1
1678700374.605,11.816666666321296,39.42409050256906,72.92,1918.4,node2
1678700374.642,58.83125000000291,31.814697449376528,114.32,1596.24,node1
1678700375.167,11.816666666321296,39.42409050256906,72.92,1918.4,node2
1678700375.206,58.83125000000291,31.814697449376528,114.32,1596.24,node1
1678700375.731,11.816666666321296,39.42409050256906,72.92,1918.4,node2
1678700375.768,58.83125000000291,31.814697449376528,114.32,1596.24,node1
1678700376.292,11.816666666321296,39.42409050256906,72.92,1918.4,node2
1678700376.328,58.83125000000291,31.814697449376528,114.32,1596.24,node1
1678700376.85,11.816666666321296,39.42409050256906,72.92,1918.4,node2
1678700376.866,58.83125000000291,31.814697449376528,114.32,1596.24,node1
1678700377.403,11.816666666321296,39.42409050256906,72.92,1918.4,node2
1678700377.42,58.83125000000291,31.814697449376528,114.32,1596.24,node1
1678700377.96,11.816666666321296,39.42409050256906,72.92,1918.4,node2
1678700377.977,58.83125000000291,31.814697449376528,114.32,1596.24,node1
1678700378.515,11.758333333612754,39.414409038566085,72.08,1917.5800000000002,node2
1678700378.532,58.83125000000291,31.814697449376528,114.32,1596.24,node1
1678700379.065,11.758333333612754,39.414409038566085,72.08,1917.5800000000002,node2
1678700379.082,58.83125000000291,31.814697449376528,114.32,1596.24,node1
1678700379.616,11.758333333612754,39.414409038566085,72.08,1917.5800000000002,node2
1678700379.632,58.83125000000291,31.814697449376528,114.32,1596.24,node1
1678700380.149,11.758333333612754,39.414409038566085,72.08,1917.5800000000002,node2
1678700380.166,58.83125000000291,31.814697449376528,114.32,1596.24,node1
1678700380.688,11.758333333612754,39.414409038566085,72.08,1917.5800000000002,node2
1678700380.705,58.83125000000291,31.814697449376528,114.32,1596.24,node1
1678700381.222,11.758333333612754,39.414409038566085,72.08,1917.5800000000002,node2
1678700381.239,58.83125000000291,31.814697449376528,114.32,1596.24,node1
1678700381.756,11.758333333612754,39.414409038566085,72.08,1917.5800000000002,node2
1678700381.773,58.83125000000291,31.814697449376528,114.32,1596.24,node1
1678700382.29,11.758333333612754,39.414409038566085,72.08,1917.5800000000002,node2
1678700382.306,58.55624999999691,31.80701941399942,114.32,1596.06,node1
1678700382.828,11.758333333612754,39.414409038566085,72.08,1917.5800000000002,node2
1678700382.846,58.55624999999691,31.80701941399942,114.32,1596.06,node1
1678700383.365,11.758333333612754,39.414409038566085,72.08,1917.5800000000002,node2
1678700383.383,58.55624999999691,31.80701941399942,114.32,1596.06,node1
1678700383.903,11.758333333612754,39.414409038566085,72.08,1917.5800000000002,node2
1678700383.922,58.55624999999691,31.80701941399942,114.32,1596.06,node1
1678700384.441,11.758333333612754,39.414409038566085,72.08,1917.5800000000002,node2
1678700384.461,58.55624999999691,31.80701941399942,114.32,1596.06,node1
1678700384.982,11.758333333612754,39.414409038566085,72.08,1917.5800000000002,node2
1678700385.001,58.55624999999691,31.80701941399942,114.32,1596.06,node1
1678700385.52,11.758333333612754,39.414409038566085,72.08,1917.5800000000002,node2
1678700385.539,58.55624999999691,31.80701941399942,114.32,1596.06,node1
1678700386.058,11.758333333612754,39.414409038566085,72.08,1917.5800000000002,node2
1678700386.077,58.55624999999691,31.80701941399942,114.32,1596.06,node1
1678700386.595,11.758333333612754,39.414409038566085,72.08,1917.5800000000002,node2
1678700386.612,58.55624999999691,31.80701941399942,114.32,1596.06,node1
1678700387.129,11.758333333612754,39.414409038566085,72.08,1917.5800000000002,node2
1678700387.147,58.55624999999691,31.80701941399942,114.32,1596.06,node1
1678700387.665,11.758333333612754,39.414409038566085,72.08,1917.5800000000002,node2
1678700387.682,58.55624999999691,31.80701941399942,114.32,1596.06,node1
1678700388.199,11.758333333612754,39.414409038566085,72.08,1917.5800000000002,node2
1678700388.215,58.55624999999691,31.80701941399942,114.32,1596.06,node1
1678700388.732,16.08749999984866,39.412813728145466,71.6,1918.24,node2
1678700388.748,58.55624999999691,31.80701941399942,114.32,1596.06,node1
1678700389.272,16.08749999984866,39.412813728145466,71.6,1918.24,node2
1678700389.288,58.55624999999691,31.80701941399942,114.32,1596.06,node1
1678700389.804,16.08749999984866,39.412813728145466,71.6,1918.24,node2
1678700389.82,58.55624999999691,31.80701941399942,114.32,1596.06,node1
1678700390.336,16.08749999984866,39.412813728145466,71.6,1918.24,node2
1678700390.353,58.55624999999691,31.80701941399942,114.32,1596.06,node1
1678700390.869,16.08749999984866,39.412813728145466,71.6,1918.24,node2
1678700390.886,58.55624999999691,31.80701941399942,114.32,1596.06,node1
1678700391.405,16.08749999984866,39.412813728145466,71.6,1918.24,node2
1678700391.42,58.55624999999691,31.80701941399942,114.32,1596.06,node1
1678700391.936,16.08749999984866,39.412813728145466,71.6,1918.24,node2
1678700391.952,58.55624999999691,31.80701941399942,114.32,1596.06,node1
1678700392.467,16.08749999984866,39.412813728145466,71.6,1918.24,node2
1678700392.483,58.581250000015636,31.81318172070985,114.32,1596.1599999999999,node1
1678700393.001,16.08749999984866,39.412813728145466,71.6,1918.24,node2
1678700393.023,58.581250000015636,31.81318172070985,114.32000000000001,1596.1599999999999,node1
1678700393.547,16.08749999984866,39.412813728145466,71.6,1918.24,node2
1678700393.572,58.581250000015636,31.81318172070985,114.32,1596.1599999999999,node1
1678700394.093,16.08749999984866,39.412813728145466,71.6,1918.24,node2
1678700394.129,58.581250000015636,31.81318172070985,114.32,1596.1599999999999,node1
1678700394.655,16.08749999984866,39.412813728145466,71.6,1918.24,node2
1678700394.698,58.581250000015636,31.81318172070985,114.32,1596.1599999999999,node1
1678700395.222,16.08749999984866,39.412813728145466,71.6,1918.24,node2
1678700395.259,58.581250000015636,31.81318172070985,114.32,1596.1599999999999,node1
1678700395.783,16.08749999984866,39.412813728145466,71.6,1918.24,node2
1678700395.818,58.581250000015636,31.81318172070985,114.32,1596.1599999999999,node1
1678700396.344,16.08749999984866,39.412813728145466,71.6,1918.24,node2
1678700396.378,58.581250000015636,31.81318172070985,114.32,1596.1599999999999,node1
1678700396.904,16.08749999984866,39.412813728145466,71.6,1918.24,node2
1678700396.921,58.581250000015636,31.81318172070985,114.32,1596.1599999999999,node1
1678700397.457,16.08749999984866,39.412813728145466,71.6,1918.24,node2
1678700397.475,58.581250000015636,31.81318172070985,114.32,1596.1599999999999,node1
1678700398.011,16.08749999984866,39.412813728145466,71.6,1918.24,node2
1678700398.03,58.581250000015636,31.81318172070985,114.32,1596.1599999999999,node1
1678700398.567,11.008333333302303,39.40961092936209,70.28,1918.9599999999998,node2
1678700398.586,58.581250000015636,31.81318172070985,114.32,1596.1599999999999,node1
1678700399.124,11.008333333302303,39.40961092936209,70.28,1918.9599999999998,node2
1678700399.142,58.581250000015636,31.81318172070985,114.32,1596.1599999999999,node1
1678700399.692,11.008333333302303,39.40961092936209,70.28,1918.9599999999998,node2
1678700399.71,58.581250000015636,31.81318172070985,114.32,1596.1599999999999,node1
1678700400.246,11.008333333302303,39.40961092936209,70.28,1918.9599999999998,node2
1678700400.263,58.581250000015636,31.81318172070985,114.32,1596.1599999999999,node1
1678700400.798,11.008333333302303,39.40961092936209,70.28,1918.9599999999998,node2
1678700400.815,58.581250000015636,31.81318172070985,114.32,1596.1599999999999,node1
1678700401.334,11.008333333302303,39.40961092936209,70.28,1918.9599999999998,node2
1678700401.35,58.581250000015636,31.81318172070985,114.32,1596.1599999999999,node1
1678700401.867,11.008333333302303,39.40961092936209,70.28,1918.9599999999998,node2
1678700401.883,58.581250000015636,31.81318172070985,114.32,1596.1599999999999,node1
1678700402.4,11.008333333302303,39.40961092936209,70.28,1918.9599999999998,node2
1678700402.421,59.281249999989996,31.83621582684117,114.32,1596.2,node1
1678700402.94,11.008333333302303,39.40961092936209,70.28,1918.9599999999998,node2
1678700402.957,59.281249999989996,31.83621582684117,114.32,1596.2,node1
1678700403.475,11.008333333302303,39.40961092936209,70.28,1918.9599999999998,node2
1678700403.493,59.281249999989996,31.83621582684117,114.32,1596.2,node1
1678700404.012,11.008333333302303,39.40961092936209,70.28,1918.9599999999998,node2
1678700404.03,59.281249999989996,31.83621582684117,114.32,1596.2,node1
1678700404.549,11.008333333302303,39.40961092936209,70.28,1918.9599999999998,node2
1678700404.566,59.281249999989996,31.83621582684117,114.32,1596.2,node1
1678700405.083,11.008333333302303,39.40961092936209,70.28,1918.9599999999998,node2
1678700405.1,59.281249999989996,31.83621582684117,114.32,1596.2,node1
1678700405.616,11.008333333302303,39.40961092936209,70.28,1918.9599999999998,node2
1678700405.633,59.281249999989996,31.83621582684117,114.32,1596.2,node1
1678700406.151,11.008333333302303,39.40961092936209,70.28,1918.9599999999998,node2
1678700406.168,59.281249999989996,31.83621582684117,114.32,1596.2,node1
1678700406.684,11.008333333302303,39.40961092936209,70.28,1918.9599999999998,node2
1678700406.7,59.281249999989996,31.83621582684117,114.32,1596.2,node1
1678700407.216,11.008333333302303,39.40961092936209,70.28,1918.9599999999998,node2
1678700407.235,59.281249999989996,31.83621582684117,114.32,1596.2,node1
1678700407.756,11.008333333302303,39.40961092936209,70.28,1918.9599999999998,node2
1678700407.776,59.281249999989996,31.83621582684117,114.32,1596.2,node1
1678700408.293,11.008333333302303,39.40961092936209,70.28,1918.9599999999998,node2
1678700408.312,59.281249999989996,31.83621582684117,114.32,1596.2,node1
1678700408.832,13.02916666677146,39.40031915950766,69.44,1918.18,node2
1678700408.85,59.281249999989996,31.83621582684117,114.32,1596.2,node1
1678700409.368,13.02916666677146,39.40031915950766,69.44,1918.18,node2
1678700409.385,59.281249999989996,31.83621582684117,114.32,1596.2,node1
1678700409.903,13.02916666677146,39.40031915950766,69.44,1918.18,node2
1678700409.92,59.281249999989996,31.83621582684117,114.32,1596.2,node1
1678700410.438,13.02916666677146,39.40031915950766,69.44,1918.18,node2
1678700410.456,59.281249999989996,31.83621582684117,114.32,1596.2,node1
1678700410.974,13.02916666677146,39.40031915950766,69.44,1918.18,node2
1678700410.992,59.281249999989996,31.83621582684117,114.32,1596.2,node1
1678700411.515,13.02916666677146,39.40031915950766,69.44,1918.18,node2
1678700411.532,59.281249999989996,31.83621582684117,114.32,1596.2,node1
1678700412.048,13.02916666677146,39.40031915950766,69.44,1918.18,node2
1678700412.064,59.281249999989996,31.83621582684117,114.2,1596.525,node1
1678700412.581,13.02916666677146,39.40031915950766,69.44,1918.18,node2
1678700412.599,58.70624999999563,31.828065679256408,114.32,1596.34,node1
1678700413.116,13.02916666677146,39.40031915950766,69.44,1918.18,node2
1678700413.132,58.70624999999563,31.828065679256408,114.32,1596.34,node1
1678700413.648,13.02916666677146,39.40031915950766,69.44,1918.18,node2
1678700413.665,58.70624999999563,31.828065679256408,114.32,1596.34,node1
1678700414.18,13.02916666677146,39.40031915950766,69.44,1918.18,node2
1678700414.202,58.70624999999563,31.828065679256408,114.32,1596.34,node1
1678700414.725,13.02916666677146,39.40031915950766,69.44,1918.18,node2
1678700414.757,58.70624999999563,31.828065679256408,114.32,1596.34,node1
1678700415.29,13.02916666677146,39.40031915950766,69.44,1918.18,node2
1678700415.315,58.70624999999563,31.828065679256408,114.32,1596.34,node1
1678700415.84,13.02916666677146,39.40031915950766,69.44,1918.18,node2
1678700415.875,58.70624999999563,31.828065679256408,114.32,1596.34,node1
1678700416.399,13.02916666677146,39.40031915950766,69.44,1918.18,node2
1678700416.421,58.70624999999563,31.828065679256408,114.32,1596.34,node1
1678700416.955,13.02916666677146,39.40031915950766,69.44,1918.18,node2
1678700416.973,58.70624999999563,31.828065679256408,114.32,1596.34,node1
1678700417.513,13.02916666677146,39.40031915950766,69.44,1918.18,node2
1678700417.53,58.70624999999563,31.828065679256408,114.32,1596.34,node1
1678700418.067,13.02916666677146,39.40031915950766,69.44,1918.18,node2
1678700418.083,58.70624999999563,31.828065679256408,114.32,1596.34,node1
1678700418.617,15.06249999976717,39.42200807446275,70.28,1918.7,node2
1678700418.633,58.70624999999563,31.828065679256408,114.32,1596.34,node1
1678700419.151,15.06249999976717,39.42200807446275,70.28,1918.7,node2
1678700419.169,58.70624999999563,31.828065679256408,114.32,1596.34,node1
1678700419.686,15.06249999976717,39.42200807446275,70.28,1918.7,node2
1678700419.703,58.70624999999563,31.828065679256408,114.32,1596.34,node1
1678700420.221,15.06249999976717,39.42200807446275,70.28,1918.7,node2
1678700420.238,58.70624999999563,31.828065679256408,114.32,1596.34,node1
1678700420.755,15.06249999976717,39.42200807446275,70.28,1918.7,node2
1678700420.772,58.70624999999563,31.828065679256408,114.32,1596.34,node1
1678700421.29,15.06249999976717,39.42200807446275,70.28,1918.7,node2
1678700421.307,58.70624999999563,31.828065679256408,114.32,1596.34,node1
1678700421.824,15.06249999976717,39.42200807446275,70.28,1918.7,node2
1678700421.84,58.70624999999563,31.828065679256408,114.32,1596.34,node1
1678700422.357,15.06249999976717,39.42200807446275,70.28,1918.7,node2
1678700422.375,58.78750000000309,31.829084447704503,115.64,1596.72,node1
1678700422.895,15.06249999976717,39.42200807446275,70.28,1918.7,node2
1678700422.913,58.78750000000309,31.829084447704503,115.64,1596.72,node1
1678700423.43,15.06249999976717,39.42200807446275,70.28,1918.7,node2
1678700423.446,58.78750000000309,31.829084447704503,115.64,1596.72,node1
1678700423.962,15.06249999976717,39.42200807446275,70.28,1918.7,node2
1678700423.978,58.78750000000309,31.829084447704503,115.64,1596.72,node1
1678700424.495,15.06249999976717,39.42200807446275,70.28,1918.7,node2
1678700424.515,58.78750000000309,31.829084447704503,115.64,1596.72,node1
1678700425.034,15.06249999976717,39.42200807446275,70.28,1918.7,node2
1678700425.051,58.78750000000309,31.829084447704503,115.64,1596.72,node1
1678700425.568,15.06249999976717,39.42200807446275,70.28,1918.7,node2
1678700425.584,58.78750000000309,31.829084447704503,115.64,1596.72,node1
1678700426.1,15.06249999976717,39.42200807446275,70.28,1918.7,node2
1678700426.116,58.78750000000309,31.829084447704503,115.64,1596.72,node1
1678700426.633,15.06249999976717,39.42200807446275,70.28,1918.7,node2
1678700426.649,58.78750000000309,31.829084447704503,115.64,1596.72,node1
1678700427.166,15.06249999976717,39.42200807446275,70.28,1918.7,node2
1678700427.182,58.78750000000309,31.829084447704503,115.64,1596.72,node1
1678700427.698,15.06249999976717,39.42200807446275,70.28,1918.7,node2
1678700427.714,58.78750000000309,31.829084447704503,115.64,1596.72,node1
1678700428.231,15.06249999976717,39.42200807446275,70.28,1918.7,node2
1678700428.247,58.78750000000309,31.829084447704503,115.64,1596.72,node1
1678700428.763,12.437500000232816,39.44346560851715,70.28,1918.9199999999998,node2
1678700428.779,58.78750000000309,31.829084447704503,115.64,1596.72,node1
1678700429.295,12.437500000232816,39.44346560851715,70.28,1918.9199999999998,node2
1678700429.311,58.78750000000309,31.829084447704503,115.64,1596.72,node1
1678700429.827,12.437500000232816,39.44346560851715,70.28,1918.9199999999998,node2
1678700429.843,58.78750000000309,31.829084447704503,115.64,1596.72,node1
1678700430.359,12.437500000232816,39.44346560851715,70.28,1918.9199999999998,node2
1678700430.376,58.78750000000309,31.829084447704503,115.64,1596.72,node1
1678700430.894,12.437500000232816,39.44346560851715,70.28,1918.9199999999998,node2
1678700430.931,58.78750000000309,31.829084447704503,115.64,1596.72,node1
1678700431.449,12.437500000232816,39.44346560851715,70.28,1918.9199999999998,node2
1678700431.465,58.78750000000309,31.829084447704503,115.64,1596.72,node1
1678700431.981,12.437500000232816,39.44346560851715,70.28,1918.9199999999998,node2
1678700431.997,58.78750000000309,31.829084447704503,115.64,1596.72,node1
1678700432.513,12.437500000232816,39.44346560851715,70.28,1918.9199999999998,node2
1678700432.531,58.56249999999363,31.832836497354805,114.32,1595.9599999999998,node1
1678700433.05,12.437500000232816,39.44346560851715,70.28,1918.9199999999998,node2
1678700433.076,58.56249999999363,31.832836497354805,114.32,1595.9599999999998,node1
1678700433.609,12.437500000232816,39.44346560851715,70.28,1918.9199999999998,node2
1678700433.637,58.56249999999363,31.832836497354805,114.32,1595.9600000000003,node1
1678700434.16,12.437500000232816,39.44346560851715,70.28,1918.9199999999998,node2
1678700434.197,58.56249999999363,31.832836497354805,114.32,1595.9599999999998,node1
1678700434.724,12.437500000232816,39.44346560851715,70.28,1918.9199999999998,node2
1678700434.763,58.56249999999363,31.832836497354805,114.32,1595.9599999999998,node1
1678700435.293,12.437500000232816,39.44346560851715,70.28,1918.9199999999998,node2
1678700435.331,58.56249999999363,31.832836497354805,114.32,1595.9599999999998,node1
1678700435.859,12.437500000232816,39.44346560851715,70.28,1918.9199999999998,node2
1678700435.906,58.56249999999363,31.832836497354805,114.32,1595.9599999999998,node1
1678700436.435,12.437500000232816,39.44346560851715,70.28,1918.9199999999998,node2
1678700436.468,58.56249999999363,31.832836497354805,114.32,1595.9599999999998,node1
1678700436.991,12.437500000232816,39.44346560851715,70.28,1918.9199999999998,node2
1678700437.008,58.56249999999363,31.832836497354805,114.32,1595.9599999999998,node1
1678700437.551,12.437500000232816,39.44346560851715,70.28,1918.9199999999998,node2
1678700437.567,58.56249999999363,31.832836497354805,114.32,1595.9599999999998,node1
1678700438.102,12.437500000232816,39.44346560851715,70.28,1918.9199999999998,node2
1678700438.118,58.56249999999363,31.832836497354805,114.32,1595.9599999999998,node1
1678700438.653,12.654166666713238,39.449700714893915,69.44,1918.18,node2
1678700438.669,58.56249999999363,31.832836497354805,114.32,1595.9599999999998,node1
1678700439.187,12.654166666713238,39.449700714893915,69.44,1918.18,node2
1678700439.203,58.56249999999363,31.832836497354805,114.32,1595.9599999999998,node1
1678700439.72,12.654166666713238,39.449700714893915,69.44,1918.18,node2
1678700439.736,58.56249999999363,31.832836497354805,114.32,1595.9599999999998,node1
1678700440.253,12.654166666713238,39.449700714893915,69.44,1918.18,node2
1678700440.27,58.56249999999363,31.832836497354805,114.32,1595.9599999999998,node1
1678700440.788,12.654166666713238,39.449700714893915,69.44,1918.18,node2
1678700440.805,58.56249999999363,31.832836497354805,114.32,1595.9599999999998,node1
1678700441.322,12.654166666713238,39.449700714893915,69.44,1918.18,node2
1678700441.34,58.56249999999363,31.832836497354805,114.32,1595.9599999999998,node1
1678700441.856,12.654166666713238,39.449700714893915,69.44,1918.18,node2
1678700441.873,58.56249999999363,31.832836497354805,114.32,1595.9599999999998,node1
1678700442.39,12.654166666713238,39.449700714893915,69.44,1918.18,node2
1678700442.411,58.98125000001074,31.781823530917265,114.32,1596.38,node1
1678700442.928,12.654166666713238,39.449700714893915,69.44,1918.18,node2
1678700442.945,58.98125000001074,31.781823530917265,114.32,1596.38,node1
1678700443.463,12.654166666713238,39.449700714893915,69.44,1918.18,node2
1678700443.48,58.98125000001074,31.781823530917265,114.32,1596.38,node1
1678700443.996,12.654166666713238,39.449700714893915,69.44,1918.18,node2
1678700444.013,58.98125000001074,31.781823530917265,114.32,1596.38,node1
1678700444.529,12.654166666713238,39.449700714893915,69.44,1918.18,node2
1678700444.546,58.98125000001074,31.781823530917265,114.32,1596.38,node1
1678700445.063,12.654166666713238,39.449700714893915,69.44,1918.18,node2
1678700445.079,58.98125000001074,31.781823530917265,114.32,1596.38,node1
1678700445.596,12.654166666713238,39.449700714893915,69.44,1918.18,node2
1678700445.612,58.98125000001074,31.781823530917265,114.32,1596.38,node1
1678700446.129,12.654166666713238,39.449700714893915,69.44,1918.18,node2
1678700446.145,58.98125000001074,31.781823530917265,114.32,1596.38,node1
1678700446.662,12.654166666713238,39.449700714893915,69.44,1918.18,node2
1678700446.678,58.98125000001074,31.781823530917265,114.32,1596.38,node1
1678700447.195,12.654166666713238,39.449700714893915,69.44,1918.18,node2
1678700447.211,58.98125000001074,31.781823530917265,114.32,1596.38,node1
1678700447.727,12.654166666713238,39.449700714893915,69.44,1918.18,node2
1678700447.743,58.98125000001074,31.781823530917265,114.32,1596.38,node1
1678700448.26,12.654166666713238,39.449700714893915,69.44,1918.18,node2
1678700448.276,58.98125000001074,31.781823530917265,114.32,1596.38,node1
1678700448.792,14.37916666637949,39.47324067705462,70.28,1918.9,node2
1678700448.808,58.98125000001074,31.781823530917265,114.32,1596.38,node1
1678700449.324,14.37916666637949,39.47324067705462,70.28,1918.9,node2
1678700449.34,58.98125000001074,31.781823530917265,114.32,1596.38,node1
1678700449.856,14.37916666637949,39.47324067705462,70.28,1918.9,node2
1678700449.872,58.98125000001074,31.781823530917265,114.32,1596.38,node1
1678700450.389,14.37916666637949,39.47324067705462,70.28,1918.9000000000003,node2
1678700450.405,58.98125000001074,31.781823530917265,114.32,1596.38,node1
1678700450.923,14.37916666637949,39.47324067705462,70.28,1918.9,node2
1678700450.941,58.98125000001074,31.781823530917265,114.32,1596.38,node1
1678700451.459,14.37916666637949,39.47324067705462,70.28,1918.9,node2
1678700451.48,58.98125000001074,31.781823530917265,114.32,1596.38,node1
1678700452.003,14.37916666637949,39.47324067705462,70.28,1918.9,node2
1678700452.036,58.98125000001074,31.781823530917265,114.2,1596.225,node1
1678700452.564,14.37916666637949,39.47324067705462,70.28,1918.9,node2
1678700452.598,58.425000000001994,31.817157402458513,114.32,1596.38,node1
1678700453.119,14.37916666637949,39.47324067705462,70.28,1918.9,node2
1678700453.137,58.425000000001994,31.817157402458513,114.32,1596.38,node1
1678700453.673,14.37916666637949,39.47324067705462,70.28,1918.9,node2
1678700453.689,58.425000000001994,31.817157402458513,114.32,1596.38,node1
1678700454.228,14.37916666637949,39.47324067705462,70.28,1918.9,node2
1678700454.244,58.425000000001994,31.817157402458513,114.32,1596.38,node1
1678700454.783,14.37916666637949,39.47324067705462,70.28,1918.9,node2
1678700454.799,58.425000000001994,31.817157402458513,114.32,1596.38,node1
1678700455.336,14.37916666637949,39.47324067705462,70.28,1918.9,node2
1678700455.352,58.425000000001994,31.817157402458513,114.32,1596.38,node1
1678700455.888,14.37916666637949,39.47324067705462,70.28,1918.9,node2
1678700455.904,58.425000000001994,31.817157402458513,114.32000000000001,1596.38,node1
1678700456.443,14.37916666637949,39.47324067705462,70.28,1918.9,node2
1678700456.458,58.425000000001994,31.817157402458513,114.32,1596.38,node1
1678700456.974,14.37916666637949,39.47324067705462,70.28,1918.9,node2
1678700456.99,58.425000000001994,31.817157402458513,114.32,1596.38,node1
1678700457.506,14.37916666637949,39.47324067705462,70.28,1918.9,node2
1678700457.523,58.425000000001994,31.817157402458513,114.32,1596.38,node1
1678700458.039,14.37916666637949,39.47324067705462,70.28,1918.9,node2
1678700458.055,58.425000000001994,31.817157402458513,114.32,1596.38,node1
1678700458.571,12.616666666775316,39.4287302985252,70.28,1918.82,node2
1678700458.587,58.425000000001994,31.817157402458513,114.32,1596.38,node1
1678700459.103,12.616666666775316,39.4287302985252,70.28,1918.82,node2
1678700459.118,58.425000000001994,31.817157402458513,114.32,1596.38,node1
1678700459.634,12.616666666775316,39.4287302985252,70.28,1918.8200000000002,node2
1678700459.649,58.425000000001994,31.817157402458513,114.32,1596.38,node1
1678700460.165,12.616666666775316,39.4287302985252,70.28,1918.82,node2
1678700460.187,58.425000000001994,31.817157402458513,114.32,1596.38,node1
1678700460.704,12.616666666775316,39.4287302985252,70.28,1918.82,node2
1678700460.719,58.425000000001994,31.817157402458513,114.32,1596.38,node1
1678700461.235,12.616666666775316,39.4287302985252,70.28,1918.82,node2
1678700461.251,58.425000000001994,31.817157402458513,114.32,1596.38,node1
1678700461.767,12.616666666775316,39.4287302985252,70.28,1918.8200000000002,node2
1678700461.783,58.425000000001994,31.817157402458513,114.32,1596.38,node1
1678700462.299,12.616666666775316,39.4287302985252,70.28,1918.82,node2
1678700462.315,58.17499999999654,31.829854736043306,115.16,1597.52,node1
1678700462.835,12.616666666775316,39.4287302985252,70.28,1918.82,node2
1678700462.851,58.17499999999654,31.829854736043306,115.16,1597.52,node1
1678700463.368,12.616666666775316,39.4287302985252,70.28,1918.82,node2
1678700463.383,58.17499999999654,31.829854736043306,115.16,1597.52,node1
1678700463.901,12.616666666775316,39.4287302985252,70.28,1918.82,node2
1678700463.917,58.17499999999654,31.829854736043306,115.16,1597.52,node1
1678700464.439,12.616666666775316,39.4287302985252,70.28,1918.82,node2
1678700464.457,58.17499999999654,31.829854736043306,115.16,1597.52,node1
1678700464.976,12.616666666775316,39.4287302985252,70.28,1918.82,node2
1678700464.995,58.17499999999654,31.829854736043306,115.16,1597.52,node1
1678700465.513,12.616666666775316,39.4287302985252,70.28,1918.82,node2
1678700465.531,58.17499999999654,31.829854736043306,115.16000000000003,1597.52,node1
1678700466.049,12.616666666775316,39.4287302985252,70.28,1918.82,node2
1678700466.065,58.17499999999654,31.829854736043306,115.16,1597.52,node1
1678700466.582,12.616666666775316,39.4287302985252,70.28,1918.82,node2
1678700466.598,58.17499999999654,31.829854736043306,115.16,1597.52,node1
1678700467.115,12.616666666775316,39.4287302985252,70.28,1918.82,node2
1678700467.131,58.17499999999654,31.829854736043306,115.16,1597.52,node1
1678700467.648,12.616666666775316,39.4287302985252,70.28,1918.82,node2
1678700467.663,58.17499999999654,31.829854736043306,115.16,1597.52,node1
1678700468.18,12.616666666775316,39.4287302985252,70.28,1918.82,node2
1678700468.196,58.17499999999654,31.829854736043306,115.16,1597.52,node1
1678700468.712,11.3166666669228,39.43839958458604,70.75999999999999,1917.72,node2
1678700468.727,58.17499999999654,31.829854736043306,115.16,1597.52,node1
1678700469.244,11.3166666669228,39.43839958458604,70.75999999999999,1917.72,node2
1678700469.266,58.17499999999654,31.829854736043306,115.16,1597.52,node1
1678700469.784,11.3166666669228,39.43839958458604,70.75999999999999,1917.72,node2
1678700469.807,58.17499999999654,31.829854736043306,115.16,1597.52,node1
1678700470.328,11.3166666669228,39.43839958458604,70.75999999999999,1917.72,node2
1678700470.364,58.17499999999654,31.829854736043306,115.16,1597.52,node1
1678700470.891,11.3166666669228,39.43839958458604,70.75999999999999,1917.72,node2
1678700470.928,58.17499999999654,31.829854736043306,115.16,1597.52,node1
1678700471.453,11.3166666669228,39.43839958458604,70.75999999999999,1917.72,node2
1678700471.488,58.17499999999654,31.829854736043306,115.16,1597.52,node1
1678700472.008,11.3166666669228,39.43839958458604,70.75999999999999,1917.72,node2
1678700472.024,58.17499999999654,31.829854736043306,115.25,1597.675,node1
1678700472.564,11.3166666669228,39.43839958458604,70.75999999999999,1917.72,node2
1678700472.581,57.94374999999491,31.832836497354805,115.16,1596.8,node1
1678700473.119,11.3166666669228,39.43839958458604,70.75999999999999,1917.72,node2
1678700473.135,57.94374999999491,31.832836497354805,115.16,1596.8,node1
1678700473.668,11.3166666669228,39.43839958458604,70.75999999999999,1917.72,node2
1678700473.684,57.94374999999491,31.832836497354805,115.16,1596.8,node1
1678700474.2,11.3166666669228,39.43839958458604,70.75999999999999,1917.72,node2
1678700474.217,57.94374999999491,31.832836497354805,115.16,1596.8,node1
1678700474.736,11.3166666669228,39.43839958458604,70.75999999999999,1917.72,node2
1678700474.752,57.94374999999491,31.832836497354805,115.16,1596.8,node1
1678700475.271,11.3166666669228,39.43839958458604,70.75999999999999,1917.72,node2
1678700475.288,57.94374999999491,31.832836497354805,115.16,1596.8,node1
1678700475.804,11.3166666669228,39.43839958458604,70.75999999999999,1917.72,node2
1678700475.819,57.94374999999491,31.832836497354805,115.16,1596.8,node1
1678700476.335,11.3166666669228,39.43839958458604,70.75999999999999,1917.72,node2
1678700476.351,57.94374999999491,31.832836497354805,115.16,1596.8,node1
1678700476.867,11.3166666669228,39.43839958458604,70.75999999999999,1917.72,node2
1678700476.883,57.94374999999491,31.832836497354805,115.16,1596.8,node1
1678700477.399,11.3166666669228,39.43839958458604,70.75999999999999,1917.72,node2
1678700477.415,57.94374999999491,31.832836497354805,115.16,1596.8,node1
1678700477.931,11.3166666669228,39.43839958458604,70.75999999999999,1917.72,node2
1678700477.947,57.94374999999491,31.832836497354805,115.16,1596.8,node1
1678700478.463,11.3166666669228,39.43839958458604,71.3,1917.55,node2
1678700478.479,57.94374999999491,31.832836497354805,115.16,1596.8,node1
1678700478.995,12.549999999852545,39.49972770121371,71.6,1918.56,node2
1678700479.015,57.94374999999491,31.832836497354805,115.16,1596.8,node1
1678700479.531,12.549999999852545,39.49972770121371,71.6,1918.56,node2
1678700479.547,57.94374999999491,31.832836497354805,115.16,1596.8,node1
1678700480.063,12.549999999852545,39.49972770121371,71.6,1918.56,node2
1678700480.078,57.94374999999491,31.832836497354805,115.16,1596.8,node1
1678700480.594,12.549999999852545,39.49972770121371,71.6,1918.56,node2
1678700480.609,57.94374999999491,31.832836497354805,115.16,1596.8,node1
1678700481.147,12.549999999852545,39.49972770121371,71.6,1918.56,node2
1678700481.163,57.94374999999491,31.832836497354805,115.16,1596.8,node1
1678700481.68,12.549999999852545,39.49972770121371,71.6,1918.56,node2
1678700481.695,57.94374999999491,31.832836497354805,115.16,1596.8,node1
1678700482.213,12.549999999852545,39.49972770121371,71.6,1918.56,node2
1678700482.229,58.45625000000382,31.8259287503165,115.64,1596.4599999999998,node1
1678700482.747,12.549999999852545,39.49972770121371,71.6,1918.56,node2
1678700482.763,58.45625000000382,31.8259287503165,115.64,1596.4599999999998,node1
1678700483.278,12.549999999852545,39.49972770121371,71.6,1918.56,node2
1678700483.294,58.45625000000382,31.8259287503165,115.64,1596.4599999999998,node1
1678700483.809,12.549999999852545,39.49972770121371,71.6,1918.56,node2
1678700483.825,58.45625000000382,31.8259287503165,115.64,1596.4599999999998,node1
1678700484.341,12.549999999852545,39.49972770121371,71.6,1918.56,node2
1678700484.357,58.45625000000382,31.8259287503165,115.64,1596.4599999999998,node1
1678700484.873,12.549999999852545,39.49972770121371,71.6,1918.56,node2
1678700484.888,58.45625000000382,31.8259287503165,115.64,1596.4599999999998,node1
1678700485.405,12.549999999852545,39.49972770121371,71.6,1918.56,node2
1678700485.421,58.45625000000382,31.8259287503165,115.64,1596.4599999999998,node1
1678700485.938,12.549999999852545,39.49972770121371,71.6,1918.56,node2
1678700485.956,58.45625000000382,31.8259287503165,115.64,1596.4599999999998,node1
1678700486.471,12.549999999852545,39.49972770121371,71.6,1918.56,node2
1678700486.487,58.45625000000382,31.8259287503165,115.64,1596.4599999999998,node1
1678700487.003,12.549999999852545,39.49972770121371,71.6,1918.56,node2
1678700487.018,58.45625000000382,31.8259287503165,115.64,1596.4599999999998,node1
1678700487.534,12.549999999852545,39.49972770121371,71.6,1918.56,node2
1678700487.558,58.45625000000382,31.8259287503165,115.64,1596.4599999999998,node1
1678700488.081,12.549999999852545,39.49972770121371,71.6,1918.56,node2
1678700488.104,58.45625000000382,31.8259287503165,115.64,1596.4599999999998,node1
1678700488.628,14.245833333213056,39.502126755815695,71.6,1918,node2
1678700488.662,58.45625000000382,31.8259287503165,115.64,1596.4599999999998,node1
1678700489.187,14.245833333213056,39.502126755815695,71.6,1918,node2
1678700489.204,58.45625000000382,31.8259287503165,115.64,1596.4599999999998,node1
1678700489.739,14.245833333213056,39.502126755815695,71.6,1918,node2
1678700489.756,58.45625000000382,31.8259287503165,115.64,1596.4599999999998,node1
1678700490.296,14.245833333213056,39.502126755815695,71.6,1918,node2
1678700490.313,58.45625000000382,31.8259287503165,115.64,1596.4599999999998,node1
1678700490.85,14.245833333213056,39.502126755815695,71.6,1918,node2
1678700490.867,58.45625000000382,31.8259287503165,115.64,1596.4599999999998,node1
1678700491.431,14.245833333213056,39.502126755815695,71.6,1918,node2
1678700491.447,58.45625000000382,31.8259287503165,115.64,1596.4599999999998,node1
1678700491.964,14.245833333213056,39.502126755815695,71.6,1918,node2
1678700491.98,58.45625000000382,31.8259287503165,115.64,1596.4599999999998,node1
1678700492.497,14.245833333213056,39.502126755815695,71.6,1918,node2
1678700492.516,58.71874999999363,31.853037930240202,116.48,1597.2,node1
1678700493.032,14.245833333213056,39.502126755815695,71.6,1918,node2
1678700493.048,58.71874999999363,31.853037930240202,116.48,1597.2,node1
1678700493.565,14.245833333213056,39.502126755815695,71.6,1918,node2
1678700493.581,58.71874999999363,31.853037930240202,116.48,1597.2,node1
1678700494.098,14.245833333213056,39.502126755815695,71.6,1918,node2
1678700494.114,58.71874999999363,31.853037930240202,116.48,1597.2,node1
1678700494.63,14.245833333213056,39.502126755815695,71.6,1918,node2
1678700494.648,58.71874999999363,31.853037930240202,116.48,1597.2,node1
1678700495.166,14.245833333213056,39.502126755815695,71.6,1918,node2
1678700495.182,58.71874999999363,31.853037930240202,116.48,1597.2,node1
1678700495.7,14.245833333213056,39.502126755815695,71.6,1918,node2
1678700495.716,58.71874999999363,31.853037930240202,116.48,1597.2,node1
1678700496.233,14.245833333213056,39.502126755815695,71.6,1918,node2
1678700496.248,58.71874999999363,31.853037930240202,116.48,1597.2,node1
1678700496.765,14.245833333213056,39.502126755815695,71.6,1918,node2
1678700496.782,58.71874999999363,31.853037930240202,116.48,1597.2,node1
1678700497.3,14.245833333213056,39.502126755815695,71.6,1918,node2
1678700497.316,58.71874999999363,31.853037930240202,116.48,1597.2,node1
1678700497.832,14.245833333213056,39.502126755815695,71.6,1918,node2
1678700497.848,58.71874999999363,31.853037930240202,116.48,1597.2,node1
1678700498.364,14.245833333213056,39.502126755815695,71.6,1918,node2
1678700498.379,58.71874999999363,31.853037930240202,116.48,1597.2,node1
1678700498.895,11.562500000000014,39.532315874385986,69.44,1916.1200000000001,node2
1678700498.91,58.71874999999363,31.853037930240202,116.48,1597.2,node1
1678700499.426,11.562500000000014,39.532315874385986,69.44,1916.12,node2
1678700499.453,58.71874999999363,31.853037930240202,116.48,1597.2,node1
1678700499.983,11.562500000000014,39.532315874385986,69.44,1916.12,node2
1678700500.002,58.71874999999363,31.853037930240202,116.48,1597.2,node1
1678700500.519,11.562500000000014,39.532315874385986,69.44,1916.12,node2
1678700500.536,58.71874999999363,31.853037930240202,116.48,1597.2,node1
1678700501.052,11.562500000000014,39.532315874385986,69.44,1916.12,node2
1678700501.069,58.71874999999363,31.853037930240202,116.48,1597.2,node1
1678700501.592,11.562500000000014,39.532315874385986,69.44,1916.12,node2
1678700501.608,58.71874999999363,31.853037930240202,116.48,1597.2,node1
1678700502.125,11.562500000000014,39.532315874385986,69.44,1916.12,node2
1678700502.141,58.86250000000472,31.848167720098093,116.48,1596.9399999999998,node1
1678700502.66,11.562500000000014,39.532315874385986,69.44,1916.12,node2
1678700502.677,58.86250000000472,31.848167720098093,116.48,1596.9399999999998,node1
1678700503.194,11.562500000000014,39.532315874385986,69.44,1916.12,node2
1678700503.211,58.86250000000472,31.848167720098093,116.48,1596.9399999999998,node1
1678700503.728,11.562500000000014,39.532315874385986,69.44,1916.12,node2
1678700503.746,58.86250000000472,31.848167720098093,116.48,1596.9399999999998,node1
1678700504.264,11.562500000000014,39.532315874385986,69.44,1916.12,node2
1678700504.28,58.86250000000472,31.848167720098093,116.48,1596.9399999999998,node1
1678700504.796,11.562500000000014,39.532315874385986,69.44,1916.12,node2
1678700504.815,58.86250000000472,31.848167720098093,116.48,1596.9399999999998,node1
1678700505.333,11.562500000000014,39.532315874385986,69.44,1916.12,node2
1678700505.354,58.86250000000472,31.848167720098093,116.48,1596.9399999999998,node1
1678700505.878,11.562500000000014,39.532315874385986,69.44,1916.12,node2
1678700505.913,58.86250000000472,31.848167720098093,116.48,1596.9399999999998,node1
1678700506.438,11.562500000000014,39.532315874385986,69.44,1916.12,node2
1678700506.472,58.86250000000472,31.848167720098093,116.48,1596.9399999999998,node1
1678700506.998,11.562500000000014,39.532315874385986,69.44,1916.12,node2
1678700507.015,58.86250000000472,31.848167720098093,116.48,1596.9399999999998,node1
1678700507.552,11.562500000000014,39.532315874385986,69.44,1916.12,node2
1678700507.569,58.86250000000472,31.848167720098093,116.48,1596.9399999999998,node1
1678700508.104,11.562500000000014,39.532315874385986,69.44,1916.12,node2
1678700508.121,58.86250000000472,31.848167720098093,116.48,1596.9399999999998,node1
1678700508.659,11.550000000279397,39.52556929443926,89.48,1917.12,node2
1678700508.676,58.86250000000472,31.848167720098093,116.48,1596.9399999999998,node1
1678700509.214,11.550000000279397,39.52556929443926,89.48,1917.12,node2
1678700509.231,58.86250000000472,31.848167720098093,116.48,1596.9399999999998,node1
1678700509.771,11.550000000279397,39.52556929443926,89.48,1917.12,node2
1678700509.788,58.86250000000472,31.848167720098093,116.48,1596.9399999999998,node1
1678700510.304,11.550000000279397,39.52556929443926,89.48,1917.12,node2
1678700510.32,58.86250000000472,31.848167720098093,116.48,1596.9399999999998,node1
1678700510.837,11.550000000279397,39.52556929443926,89.48,1917.12,node2
1678700510.853,58.86250000000472,31.848167720098093,116.48,1596.9399999999998,node1
1678700511.369,11.550000000279397,39.52556929443926,89.48,1917.12,node2
1678700511.386,58.86250000000472,31.848167720098093,116.48,1596.9399999999998,node1
1678700511.904,11.550000000279397,39.52556929443926,89.48,1917.12,node2
1678700511.921,58.86250000000472,31.848167720098093,116.48,1596.9399999999998,node1
1678700512.439,11.550000000279397,39.52556929443926,89.48,1917.12,node2
1678700512.455,58.75000000000455,31.851397961518877,115.64,1595.72,node1
1678700512.972,11.550000000279397,39.52556929443926,89.48,1917.12,node2
1678700512.989,58.75000000000455,31.851397961518877,115.64,1595.72,node1
1678700513.506,11.550000000279397,39.52556929443926,89.48,1917.12,node2
1678700513.523,58.75000000000455,31.851397961518877,115.64000000000003,1595.72,node1
1678700514.04,11.550000000279397,39.52556929443926,89.48,1917.12,node2
1678700514.056,58.75000000000455,31.851397961518877,115.64,1595.72,node1
1678700514.572,11.550000000279397,39.52556929443926,89.48,1917.12,node2
1678700514.588,58.75000000000455,31.851397961518877,115.64,1595.72,node1
1678700515.107,11.550000000279397,39.52556929443926,89.48,1917.12,node2
1678700515.123,58.75000000000455,31.851397961518877,115.64,1595.72,node1
1678700515.64,11.550000000279397,39.52556929443926,89.48,1917.12,node2
1678700515.656,58.75000000000455,31.851397961518877,115.64,1595.72,node1
1678700516.176,11.550000000279397,39.52556929443926,89.48,1917.12,node2
1678700516.192,58.75000000000455,31.851397961518877,115.64,1595.72,node1
1678700516.709,11.550000000279397,39.52556929443926,89.48,1917.12,node2
1678700516.726,58.75000000000455,31.851397961518877,115.64,1595.72,node1
1678700517.242,11.550000000279397,39.52556929443926,89.48,1917.12,node2
1678700517.258,58.75000000000455,31.851397961518877,115.64,1595.72,node1
1678700517.776,11.550000000279397,39.52556929443926,89.48,1917.12,node2
1678700517.792,58.75000000000455,31.851397961518877,115.64,1595.72,node1
1678700518.309,11.550000000279397,39.52556929443926,89.48,1917.12,node2
1678700518.326,58.75000000000455,31.851397961518877,115.64,1595.72,node1
1678700518.843,13.908333333383794,39.50943352110096,88.16,1918.04,node2
1678700518.86,58.75000000000455,31.851397961518877,115.64,1595.72,node1
1678700519.376,13.908333333383794,39.50943352110096,88.16,1918.0400000000004,node2
1678700519.394,58.75000000000455,31.851397961518877,115.64,1595.72,node1
1678700519.911,13.908333333383794,39.50943352110096,88.16,1918.04,node2
1678700519.931,58.75000000000455,31.851397961518877,115.64,1595.72,node1
1678700520.448,13.908333333383794,39.50943352110096,88.16,1918.04,node2
1678700520.466,58.75000000000455,31.851397961518877,115.64,1595.72,node1
1678700520.984,13.908333333383794,39.50943352110096,88.16,1918.04,node2
1678700521.001,58.75000000000455,31.851397961518877,115.64,1595.72,node1
1678700521.517,13.908333333383794,39.50943352110096,88.16,1918.0400000000004,node2
1678700521.532,58.75000000000455,31.851397961518877,115.64,1595.72,node1
1678700522.049,13.908333333383794,39.50943352110096,88.16,1918.04,node2
1678700522.064,58.75000000000455,31.851397961518877,115.85,1596.325,node1
1678700522.58,13.908333333383794,39.50943352110096,88.16,1918.04,node2
1678700522.602,58.64999999999782,31.85920023695063,116.48,1597.18,node1
1678700523.124,13.908333333383794,39.50943352110096,88.16,1918.04,node2
1678700523.147,58.64999999999782,31.85920023695063,116.48000000000002,1597.18,node1
1678700523.665,13.908333333383794,39.50943352110096,88.16,1918.04,node2
1678700523.698,58.64999999999782,31.85920023695063,116.48,1597.18,node1
1678700524.219,13.908333333383794,39.50943352110096,88.16,1918.04,node2
1678700524.251,58.64999999999782,31.85920023695063,116.48,1597.18,node1
1678700524.772,13.908333333383794,39.50943352110096,88.16,1918.04,node2
1678700524.802,58.64999999999782,31.85920023695063,116.48,1597.18,node1
1678700525.323,13.908333333383794,39.50943352110096,88.16,1918.04,node2
1678700525.358,58.64999999999782,31.85920023695063,116.48,1597.18,node1
1678700525.885,13.908333333383794,39.50943352110096,88.16,1918.04,node2
1678700525.919,58.64999999999782,31.85920023695063,116.48,1597.18,node1
1678700526.447,13.908333333383794,39.50943352110096,88.16,1918.04,node2
1678700526.481,58.64999999999782,31.85920023695063,116.48,1597.18,node1
1678700527.004,13.908333333383794,39.50943352110096,88.16,1918.04,node2
1678700527.02,58.64999999999782,31.85920023695063,116.48,1597.18,node1
1678700527.559,13.908333333383794,39.50943352110096,88.16,1918.04,node2
1678700527.576,58.64999999999782,31.85920023695063,116.48,1597.18,node1
1678700528.114,13.908333333383794,39.50943352110096,88.16,1918.04,node2
1678700528.131,58.64999999999782,31.85920023695063,116.48,1597.18,node1
1678700528.663,12.60416666647265,39.51396371557783,90.03999999999999,1917.18,node2
1678700528.68,58.64999999999782,31.85920023695063,116.48,1597.18,node1
1678700529.208,12.60416666647265,39.51396371557783,90.03999999999999,1917.18,node2
1678700529.224,58.64999999999782,31.85920023695063,116.48,1597.18,node1
1678700529.741,12.60416666647265,39.51396371557783,90.03999999999999,1917.18,node2
1678700529.76,58.64999999999782,31.85920023695063,116.48,1597.18,node1
1678700530.279,12.60416666647265,39.51396371557783,90.03999999999999,1917.18,node2
1678700530.297,58.64999999999782,31.85920023695063,116.48,1597.18,node1
1678700530.815,12.60416666647265,39.51396371557783,90.03999999999999,1917.18,node2
1678700530.832,58.64999999999782,31.85920023695063,116.48,1597.18,node1
1678700531.367,12.60416666647265,39.51396371557783,90.03999999999999,1917.18,node2
1678700531.384,58.64999999999782,31.85920023695063,116.48,1597.18,node1
1678700531.9,12.60416666647265,39.51396371557783,90.03999999999999,1917.18,node2
1678700531.916,58.64999999999782,31.85920023695063,116.48,1597.18,node1
1678700532.433,12.60416666647265,39.51396371557783,90.03999999999999,1917.18,node2
1678700532.453,58.537499999997635,31.83952061229475,116.48,1597.52,node1
1678700532.97,12.60416666647265,39.51396371557783,90.03999999999999,1917.18,node2
1678700532.986,58.537499999997635,31.83952061229475,116.48,1597.52,node1
1678700533.503,12.60416666647265,39.51396371557783,90.03999999999999,1917.18,node2
1678700533.52,58.537499999997635,31.83952061229475,116.48000000000002,1597.52,node1
1678700534.036,12.60416666647265,39.51396371557783,90.03999999999999,1917.18,node2
1678700534.053,58.537499999997635,31.83952061229475,116.48,1597.52,node1
1678700534.571,12.60416666647265,39.51396371557783,90.03999999999999,1917.18,node2
1678700534.591,58.537499999997635,31.83952061229475,116.48,1597.52,node1
1678700535.109,12.60416666647265,39.51396371557783,90.03999999999999,1917.18,node2
1678700535.127,58.537499999997635,31.83952061229475,116.48,1597.52,node1
1678700535.646,12.60416666647265,39.51396371557783,90.03999999999999,1917.18,node2
1678700535.663,58.537499999997635,31.83952061229475,116.48,1597.52,node1
1678700536.183,12.60416666647265,39.51396371557783,90.03999999999999,1917.18,node2
1678700536.201,58.537499999997635,31.83952061229475,116.48,1597.52,node1
1678700536.718,12.60416666647265,39.51396371557783,90.03999999999999,1917.18,node2
1678700536.734,58.537499999997635,31.83952061229475,116.48,1597.52,node1
1678700537.25,12.60416666647265,39.51396371557783,90.03999999999999,1917.18,node2
1678700537.267,58.537499999997635,31.83952061229475,116.48,1597.52,node1
1678700537.784,12.60416666647265,39.51396371557783,90.03999999999999,1917.18,node2
1678700537.801,58.537499999997635,31.83952061229475,116.48,1597.52,node1
1678700538.318,12.60416666647265,39.51396371557783,90.03999999999999,1917.18,node2
1678700538.336,58.537499999997635,31.83952061229475,116.48,1597.52,node1
1678700538.852,13.17916666681414,39.51172297422368,90.88000000000001,1919.54,node2
1678700538.867,58.537499999997635,31.83952061229475,116.48,1597.52,node1
1678700539.383,13.17916666681414,39.51172297422368,90.88000000000001,1919.5400000000004,node2
1678700539.399,58.537499999997635,31.83952061229475,116.48,1597.52,node1
1678700539.915,13.17916666681414,39.51172297422368,90.88000000000001,1919.54,node2
1678700539.93,58.537499999997635,31.83952061229475,116.48,1597.52,node1
1678700540.447,13.17916666681414,39.51172297422368,90.88000000000001,1919.54,node2
1678700540.462,58.537499999997635,31.83952061229475,116.48,1597.52,node1
1678700540.978,13.17916666681414,39.51172297422368,90.88000000000001,1919.54,node2
1678700540.997,58.537499999997635,31.83952061229475,116.48,1597.52,node1
1678700541.513,13.17916666681414,39.51172297422368,90.88000000000001,1919.54,node2
1678700541.531,58.537499999997635,31.83952061229475,116.48,1597.52,node1
1678700542.047,13.17916666681414,39.51172297422368,90.88000000000001,1919.54,node2
1678700542.063,58.537499999997635,31.83952061229475,115.85,1596.9,node1
1678700542.58,13.17916666681414,39.51172297422368,90.88000000000001,1919.54,node2
1678700542.603,59.193750000003995,31.85753542021838,114.32,1596.28,node1
1678700543.142,13.17916666681414,39.51172297422368,90.88000000000001,1919.54,node2
1678700543.167,59.193750000003995,31.85753542021838,114.32,1596.28,node1
1678700543.722,13.17916666681414,39.51172297422368,90.88000000000001,1919.54,node2
1678700543.747,59.193750000003995,31.85753542021838,114.32,1596.28,node1
1678700544.27,13.17916666681414,39.51172297422368,90.88000000000001,1919.54,node2
1678700544.305,59.193750000003995,31.85753542021838,114.32,1596.28,node1
1678700544.825,13.17916666681414,39.51172297422368,90.88000000000001,1919.54,node2
1678700544.844,59.193750000003995,31.85753542021838,114.32,1596.28,node1
1678700545.383,13.17916666681414,39.51172297422368,90.88000000000001,1919.54,node2
1678700545.404,59.193750000003995,31.85753542021838,114.32,1596.28,node1
1678700545.944,13.17916666681414,39.51172297422368,90.88000000000001,1919.54,node2
1678700545.961,59.193750000003995,31.85753542021838,114.32,1596.28,node1
1678700546.502,13.17916666681414,39.51172297422368,90.88000000000001,1919.54,node2
1678700546.52,59.193750000003995,31.85753542021838,114.32,1596.28,node1
1678700547.056,13.17916666681414,39.51172297422368,90.88000000000001,1919.54,node2
1678700547.074,59.193750000003995,31.85753542021838,114.32,1596.28,node1
1678700547.603,13.17916666681414,39.51172297422368,90.88000000000001,1919.54,node2
1678700547.619,59.193750000003995,31.85753542021838,114.32,1596.28,node1
1678700548.136,13.17916666681414,39.51172297422368,90.88000000000001,1919.54,node2
1678700548.153,59.193750000003995,31.85753542021838,114.32,1596.28,node1
1678700548.669,15.062499999670152,39.49930147323873,110.08,1920.68,node2
1678700548.689,59.193750000003995,31.85753542021838,114.32,1596.28,node1
1678700549.205,15.062499999670152,39.49930147323873,110.08,1920.68,node2
1678700549.222,59.193750000003995,31.85753542021838,114.32,1596.28,node1
1678700549.738,15.062499999670152,39.49930147323873,110.08,1920.68,node2
1678700549.755,59.193750000003995,31.85753542021838,114.32,1596.28,node1
1678700550.272,15.062499999670152,39.49930147323873,110.08,1920.68,node2
1678700550.289,59.193750000003995,31.85753542021838,114.32,1596.28,node1
1678700550.806,15.062499999670152,39.49930147323873,110.08,1920.68,node2
1678700550.822,59.193750000003995,31.85753542021838,114.32,1596.28,node1
1678700551.339,15.062499999670152,39.49930147323873,110.08,1920.68,node2
1678700551.355,59.193750000003995,31.85753542021838,114.32,1596.28,node1
1678700551.872,15.062499999670152,39.49930147323873,110.08,1920.68,node2
1678700551.889,59.193750000003995,31.85753542021838,114.32,1596.28,node1
1678700552.405,15.062499999670152,39.49930147323873,110.08,1920.68,node2
1678700552.426,58.70624999999563,31.851596745606315,115.16,1596.9399999999998,node1
1678700552.944,15.062499999670152,39.49930147323873,110.08,1920.68,node2
1678700552.96,58.70624999999563,31.851596745606315,115.16,1596.9399999999998,node1
1678700553.476,15.062499999670152,39.49930147323873,110.08,1920.68,node2
1678700553.492,58.70624999999563,31.851596745606315,115.16,1596.9399999999998,node1
1678700554.008,15.062499999670152,39.49930147323873,110.08,1920.68,node2
1678700554.024,58.70624999999563,31.851596745606315,115.16,1596.9399999999998,node1
1678700554.541,15.062499999670152,39.49930147323873,110.08,1920.68,node2
1678700554.557,58.70624999999563,31.851596745606315,115.16,1596.9399999999998,node1
1678700555.074,15.062499999670152,39.49930147323873,110.08,1920.68,node2
1678700555.095,58.70624999999563,31.851596745606315,115.16,1596.9399999999998,node1
1678700555.612,15.062499999670152,39.49930147323873,110.08,1920.68,node2
1678700555.628,58.70624999999563,31.851596745606315,115.16,1596.9399999999998,node1
1678700556.144,15.062499999670152,39.49930147323873,110.08,1920.68,node2
1678700556.161,58.70624999999563,31.851596745606315,115.16,1596.9399999999998,node1
1678700556.677,15.062499999670152,39.49930147323873,110.08,1920.68,node2
1678700556.694,58.70624999999563,31.851596745606315,115.16,1596.9399999999998,node1
1678700557.211,15.062499999670152,39.49930147323873,110.08,1920.68,node2
1678700557.226,58.70624999999563,31.851596745606315,115.16,1596.9399999999998,node1
1678700557.742,15.062499999670152,39.49930147323873,110.08,1920.68,node2
1678700557.757,58.70624999999563,31.851596745606315,115.16,1596.9399999999998,node1
1678700558.274,15.062499999670152,39.49930147323873,110.08,1920.68,node2
1678700558.289,58.70624999999563,31.851596745606315,115.16,1596.9399999999998,node1
1678700558.807,11.929166666911158,39.47745424503578,90.03999999999999,1919.8,node2
1678700558.824,58.70624999999563,31.851596745606315,115.16,1596.9399999999998,node1
1678700559.341,11.929166666911158,39.47745424503578,90.03999999999999,1919.8,node2
1678700559.357,58.70624999999563,31.851596745606315,115.16,1596.9399999999998,node1
1678700559.874,11.929166666911158,39.47745424503578,90.03999999999999,1919.8,node2
1678700559.89,58.70624999999563,31.851596745606315,115.16,1596.9399999999998,node1
1678700560.406,11.929166666911158,39.47745424503578,90.03999999999999,1919.8,node2
1678700560.43,58.70624999999563,31.851596745606315,115.16,1596.9399999999998,node1
1678700560.953,11.929166666911158,39.47745424503578,90.03999999999999,1919.8,node2
1678700560.979,58.70624999999563,31.851596745606315,115.16,1596.9399999999998,node1
1678700561.502,11.929166666911158,39.47745424503578,90.03999999999999,1919.8,node2
1678700561.539,58.70624999999563,31.851596745606315,115.16,1596.9399999999998,node1
1678700562.064,11.929166666911158,39.47745424503578,90.03999999999999,1919.8,node2
1678700562.101,59.118750000002365,31.852044009803038,113.83999999999999,1597.7,node1
1678700562.625,11.929166666911158,39.47745424503578,90.03999999999999,1919.8,node2
1678700562.664,59.118750000002365,31.852044009803038,113.83999999999999,1597.7,node1
1678700563.189,11.929166666911158,39.47745424503578,90.03999999999999,1919.8,node2
1678700563.207,59.118750000002365,31.852044009803038,113.83999999999999,1597.7,node1
1678700563.744,11.929166666911158,39.47745424503578,90.03999999999999,1919.8,node2
1678700563.76,59.118750000002365,31.852044009803038,113.83999999999999,1597.7,node1
1678700564.293,11.929166666911158,39.47745424503578,90.03999999999999,1919.8,node2
1678700564.309,59.118750000002365,31.852044009803038,113.83999999999999,1597.7,node1
1678700564.838,11.929166666911158,39.47745424503578,90.03999999999999,1919.8,node2
1678700564.855,59.118750000002365,31.852044009803038,113.83999999999999,1597.7,node1
1678700565.372,11.929166666911158,39.47745424503578,90.03999999999999,1919.8,node2
1678700565.391,59.118750000002365,31.852044009803038,113.83999999999999,1597.7,node1
1678700565.907,11.929166666911158,39.47745424503578,90.03999999999999,1919.8,node2
1678700565.923,59.118750000002365,31.852044009803038,113.83999999999999,1597.7,node1
1678700566.441,11.929166666911158,39.47745424503578,90.03999999999999,1919.8,node2
1678700566.457,59.118750000002365,31.852044009803038,113.83999999999999,1597.7,node1
1678700566.973,11.929166666911158,39.47745424503578,90.03999999999999,1919.8,node2
1678700566.989,59.118750000002365,31.852044009803038,113.83999999999999,1597.7,node1
1678700567.505,11.929166666911158,39.47745424503578,90.03999999999999,1919.8,node2
1678700567.521,59.118750000002365,31.852044009803038,113.83999999999999,1597.7,node1
1678700568.038,11.929166666911158,39.47745424503578,90.03999999999999,1919.8,node2
1678700568.058,59.118750000002365,31.852044009803038,113.83999999999999,1597.7,node1
1678700568.575,12.237500000240601,39.471267850427594,90.88000000000001,1919.62,node2
1678700568.591,59.118750000002365,31.852044009803038,113.83999999999999,1597.7,node1
1678700569.107,12.237500000240601,39.471267850427594,90.88000000000001,1919.62,node2
1678700569.123,59.118750000002365,31.852044009803038,113.83999999999999,1597.7,node1
1678700569.639,12.237500000240601,39.471267850427594,90.88000000000001,1919.6200000000001,node2
1678700569.655,59.118750000002365,31.852044009803038,113.83999999999999,1597.7,node1
1678700570.172,12.237500000240601,39.471267850427594,90.88000000000001,1919.62,node2
1678700570.194,59.118750000002365,31.852044009803038,113.83999999999999,1597.7,node1
1678700570.715,12.237500000240601,39.471267850427594,90.88000000000001,1919.62,node2
1678700570.731,59.118750000002365,31.852044009803038,113.83999999999999,1597.7,node1
1678700571.247,12.237500000240601,39.471267850427594,90.88000000000001,1919.62,node2
1678700571.262,59.118750000002365,31.852044009803038,113.83999999999999,1597.7,node1
1678700571.779,12.237500000240601,39.471267850427594,90.88000000000001,1919.62,node2
1678700571.794,59.118750000002365,31.852044009803038,113.83999999999999,1597.7,node1
1678700572.311,12.237500000240601,39.471267850427594,90.88000000000001,1919.62,node2
1678700572.33,58.39375000000019,31.852739754109056,111.68,1596.6,node1
1678700572.849,12.237500000240601,39.471267850427594,90.88000000000001,1919.62,node2
1678700572.87,58.39375000000019,31.852739754109056,111.68,1596.6,node1
1678700573.404,12.237500000240601,39.471267850427594,90.88000000000001,1919.62,node2
1678700573.423,58.39375000000019,31.852739754109056,111.68,1596.6,node1
1678700573.941,12.237500000240601,39.471267850427594,90.88000000000001,1919.62,node2
1678700573.959,58.39375000000019,31.852739754109056,111.68,1596.6,node1
1678700574.477,12.237500000240601,39.471267850427594,90.88000000000001,1919.62,node2
1678700574.494,58.39375000000019,31.852739754109056,111.68,1596.6,node1
1678700575.012,12.237500000240601,39.471267850427594,90.88000000000001,1919.62,node2
1678700575.033,58.39375000000019,31.852739754109056,111.68,1596.6,node1
1678700575.551,12.237500000240601,39.471267850427594,90.88000000000001,1919.62,node2
1678700575.567,58.39375000000019,31.852739754109056,111.68,1596.6,node1
1678700576.086,12.237500000240601,39.471267850427594,90.88000000000001,1919.62,node2
1678700576.103,58.39375000000019,31.852739754109056,111.68,1596.6,node1
1678700576.62,12.237500000240601,39.471267850427594,90.88000000000001,1919.62,node2
1678700576.637,58.39375000000019,31.852739754109056,111.68,1596.6,node1
1678700577.154,12.237500000240601,39.471267850427594,90.88000000000001,1919.62,node2
1678700577.169,58.39375000000019,31.852739754109056,111.68,1596.6,node1
1678700577.685,12.237500000240601,39.471267850427594,90.88000000000001,1919.62,node2
1678700577.702,58.39375000000019,31.852739754109056,111.68,1596.6,node1
1678700578.219,12.237500000240601,39.471267850427594,90.88000000000001,1919.62,node2
1678700578.236,58.39375000000019,31.852739754109056,111.68,1596.6,node1
1678700578.753,14.72083333307333,39.46806505164422,88.16000000000001,1919.22,node2
1678700578.771,58.39375000000019,31.852739754109056,111.68,1596.6,node1
1678700579.29,14.72083333307333,39.46806505164422,88.16,1919.22,node2
1678700579.315,58.39375000000019,31.852739754109056,111.68,1596.6,node1
1678700579.835,14.72083333307333,39.46806505164422,88.16,1919.22,node2
1678700579.878,58.39375000000019,31.852739754109056,111.68,1596.6,node1
1678700580.402,14.72083333307333,39.46806505164422,88.16,1919.22,node2
1678700580.448,58.39375000000019,31.852739754109056,111.68,1596.6,node1
1678700580.973,14.72083333307333,39.46806505164422,88.16,1919.22,node2
1678700581.007,58.39375000000019,31.852739754109056,111.68,1596.6,node1
1678700581.53,14.72083333307333,39.46806505164422,88.16,1919.22,node2
1678700581.547,58.39375000000019,31.852739754109056,111.68,1596.6,node1
1678700582.084,14.72083333307333,39.46806505164422,88.16,1919.22,node2
1678700582.101,58.974999999995816,31.861585645999828,112.52,1597.1399999999999,node1
1678700582.64,14.72083333307333,39.46806505164422,88.16,1919.22,node2
1678700582.658,58.974999999995816,31.861585645999828,112.52,1597.1399999999999,node1
1678700583.204,14.72083333307333,39.46806505164422,88.16,1919.22,node2
1678700583.223,58.974999999995816,31.861585645999828,112.52,1597.1399999999999,node1
1678700583.763,14.72083333307333,39.46806505164422,88.16,1919.22,node2
1678700583.783,58.974999999995816,31.861585645999828,112.52,1597.1399999999999,node1
1678700584.324,14.72083333307333,39.46806505164422,88.16,1919.22,node2
1678700584.343,58.974999999995816,31.861585645999828,112.52,1597.1399999999999,node1
1678700584.88,14.72083333307333,39.46806505164422,88.16,1919.22,node2
1678700584.938,58.974999999995816,31.861585645999828,112.52,1597.1399999999999,node1
1678700585.465,14.72083333307333,39.46806505164422,88.16,1919.22,node2
1678700585.482,58.974999999995816,31.861585645999828,112.52,1597.1399999999999,node1
1678700586.023,14.72083333307333,39.46806505164422,88.16,1919.22,node2
1678700586.039,58.974999999995816,31.861585645999828,112.52,1597.1399999999999,node1
1678700586.582,14.72083333307333,39.46806505164422,88.16,1919.22,node2
1678700586.597,58.974999999995816,31.861585645999828,112.52,1597.1399999999999,node1
1678700587.135,14.72083333307333,39.46806505164422,88.16,1919.22,node2
1678700587.151,58.974999999995816,31.861585645999828,112.52,1597.1399999999999,node1
1678700587.667,14.72083333307333,39.46806505164422,88.16,1919.22,node2
1678700587.683,58.974999999995816,31.861585645999828,112.52,1597.1399999999999,node1
1678700588.199,14.72083333307333,39.46806505164422,88.16,1919.22,node2
1678700588.215,58.974999999995816,31.861585645999828,112.52,1597.1399999999999,node1
1678700588.731,13.054166666406672,39.5030522794185,87.32,1917.32,node2
1678700588.747,58.974999999995816,31.861585645999828,112.52,1597.1399999999999,node1
1678700589.264,13.054166666406672,39.5030522794185,87.32,1917.3200000000002,node2
1678700589.279,58.974999999995816,31.861585645999828,112.52,1597.1399999999999,node1
1678700589.795,13.054166666406672,39.5030522794185,87.32,1917.32,node2
1678700589.811,58.974999999995816,31.861585645999828,112.52,1597.1399999999999,node1
1678700590.327,13.054166666406672,39.5030522794185,87.32,1917.32,node2
1678700590.343,58.974999999995816,31.861585645999828,112.52,1597.1399999999999,node1
1678700590.859,13.054166666406672,39.5030522794185,87.32,1917.32,node2
1678700590.875,58.974999999995816,31.861585645999828,112.52,1597.1399999999999,node1
